"User","Source","Time","EventType","Controller"
"LFaulkner","DPC-20884","11/29/2017 1:01:31 PM","Lockout","LASDC02"
"nsolomon","DPC-20820","11/29/2017 1:10:30 PM","Lockout","LASDC02"
"nsolomon","Unlocked By: ZBucci.Advisor","11/29/2017 1:12:28 PM","Unlock","LASDC01"
"ssadmnpri","LASSECSRV01","11/29/2017 1:21:17 PM","Lockout","LASDC02"
"JHilaire","DPC-21210","11/29/2017 1:31:31 PM","Lockout","LASDC01"
"JHilaire","Unlocked By: WListon.Advisor","11/29/2017 1:33:44 PM","Unlock","LASDC02"
"nsolomon","DPC-20820","11/29/2017 1:41:50 PM","Lockout","LASDC01"
"ssadmnpri","LASSECSRV01","11/29/2017 10:10:47 PM","Lockout","LASDC02"
"ssadmnpri","LASSECSRV01","11/29/2017 10:15:49 PM","Lockout","LASDC05"
"capsystest","VDI-60043","11/29/2017 10:50:22 AM","Lockout","LASDC02"
"ssadmnpri","LASSECSRV01","11/29/2017 10:50:44 AM","Lockout","LASDC02"
"nsolomon","DPC-20820","11/29/2017 11:16:55 AM","Lockout","LASDC02"
"ssadmnpri","LASSECSRV01","11/29/2017 11:21:38 PM","Lockout","LASDC01"
"nsolomon","Unlocked By: WListon.Advisor","11/29/2017 11:31:18 AM","Unlock","LASDC02"
"ssadmnpri","LASSECSRV01","11/29/2017 12:15:44 PM","Lockout","LASDC02"
"marmstrong","DPC-21197","11/29/2017 12:16:05 PM","Lockout","LASDC02"
"Skhan","DPC-19160","11/29/2017 12:19:34 PM","Lockout","LASDC02"
"Skhan","Unlocked By: MOconner.Advisor","11/29/2017 12:21:33 PM","Unlock","LASDC02"
"MOconner.Advisor","LPC-19541","11/29/2017 2:08:35 PM","Lockout","LASDC02"
"MOconner.Advisor","Unlocked By: Disacoff.Advisor","11/29/2017 2:09:06 PM","Unlock","LASDC02"
"nsolomon","DPC-20820","11/29/2017 2:12:11 PM","Lockout","LASDC02"
"fpacific","DPC-20717","11/29/2017 2:16:34 PM","Lockout","LASDC01"
"nsolomon","Unlocked By: RPreta.Advisor","11/29/2017 2:21:24 PM","Unlock","LASDC01"
"fpacific","Unlocked By: Disacoff.Advisor","11/29/2017 2:37:16 PM","Unlock","LASDC02"
"ALee","DPC-18768","11/29/2017 2:43:36 PM","Lockout","LASDC02"
"ssadmnpri","LASSECSRV01","11/29/2017 2:45:47 PM","Lockout","LASDC05"
"breakroom","DPC-18766","11/29/2017 3:28:46 PM","Lockout","LASDC02"
"ssadmnpri","LASSECSRV01","11/29/2017 3:45:45 PM","Lockout","LASDC02"
"afelix","DPC-19263","11/29/2017 3:58:07 PM","Lockout","LASDC02"
"afelix","Unlocked By: WListon.Advisor","11/29/2017 4:15:20 PM","Unlock","LASDC02"
"DPaquette","DPC-21211","11/29/2017 4:16:08 PM","Lockout","LASDC02"
"DPaquette","Unlocked By: WListon.Advisor","11/29/2017 4:24:14 PM","Unlock","LASDC02"
"JArnold","LASSQL04N01","11/29/2017 4:39:40 PM","Lockout","LASDC02"
"JArnold","LASSQL04N02","11/29/2017 4:39:40 PM","Lockout","LASDC02"
"ssadmnpri","LASSECSRV01","11/29/2017 5:10:46 PM","Lockout","LASDC02"
"ssadmnpri","LASSECSRV01","11/29/2017 5:15:47 PM","Lockout","LASDC05"
"ssadmnpri","LASSECSRV01","11/29/2017 6:21:28 PM","Lockout","LASDC02"
"ssadmnpri","LASSECSRV01","11/29/2017 7:43:29 PM","Lockout","LASDC02"
"ssadmnpri","LASSECSRV01","11/29/2017 7:45:48 PM","Lockout","LASDC05"
"ssadmnpri","LASSECSRV01","11/29/2017 8:45:47 PM","Lockout","LASDC02"
"ssadmnpri","LASSECSRV01","11/30/2017 1:10:52 PM","Lockout","LASDC02"
"Guest","LASISE01","11/30/2017 1:11:04 AM","Lockout","LASDC02"
"CCullors","DPC-20363","11/30/2017 1:12:50 PM","Lockout","LASDC02"
"CCullors","Unlocked By: WListon.Advisor","11/30/2017 1:13:24 PM","Unlock","LASDC02"
"ssadmnpri","LASSECSRV01","11/30/2017 1:15:51 PM","Lockout","LASDC05"
"ssadmnpri","LASSECSRV01","11/30/2017 1:50:48 AM","Lockout","LASDC02"
"Guest","LASISE01","11/30/2017 1:57:48 AM","Lockout","LASDC02"
"vzamora","Unlocked By: ZBucci.Advisor","11/30/2017 10:08:25 AM","Unlock","LASDC01"
"ssadmnpri","LASSECSRV01","11/30/2017 10:45:52 AM","Lockout","LASDC02"
"LKarmokar","LASEXCH02","11/30/2017 10:59:57 AM","Lockout","LASDC01"
"LKarmokar","Unlocked By: Disacoff.Advisor","11/30/2017 11:01:40 AM","Unlock","LASDC02"
"vzamora","DPC-17805","11/30/2017 11:01:48 AM","Lockout","LASDC02"
"tiwsmgr","LASTI02","11/30/2017 11:04:15 AM","Lockout","LASDC02"
"vzamora","Unlocked By: ZBucci.Advisor","11/30/2017 11:04:49 AM","Unlock","LASDC01"
"ssadmnpri","LASSECSRV01","11/30/2017 11:10:55 PM","Lockout","LASDC02"
"ssadmnpri","LASSECSRV01","11/30/2017 11:15:53 PM","Lockout","LASDC05"
"mjellis","DPC-18763","11/30/2017 11:37:06 AM","Lockout","LASDC02"
"mjellis","Unlocked By: WListon.Advisor","11/30/2017 11:38:49 AM","Unlock","LASDC02"
"ssadmnpri","LASSECSRV01","11/30/2017 11:52:54 AM","Lockout","LASDC02"
"ssadmnpri","LASSECSRV01","11/30/2017 12:45:48 AM","Lockout","LASDC02"
"AMaragos","DPC-17762","11/30/2017 2:04:17 PM","Lockout","LASDC01"
"ssadmnpri","LASSECSRV01","11/30/2017 2:20:51 PM","Lockout","LASDC02"
"AMaragos","Unlocked By: WListon.Advisor","11/30/2017 2:22:50 PM","Unlock","LASDC02"
"cbarnes","DPC-19261","11/30/2017 2:24:06 PM","Lockout","LASDC02"
"cbarnes","Unlocked By: kholmes.advisor","11/30/2017 2:37:46 PM","Unlock","LASDC01"
"DPaquette","DPC-21211","11/30/2017 2:55:20 PM","Lockout","LASDC02"
"DPaquette","Unlocked By: RPreta.Advisor","11/30/2017 3:01:00 PM","Unlock","LASDC02"
"Jcai","DPC-20718","11/30/2017 3:03:39 PM","Lockout","LASDC01"
"ssadmnpri","LASSECSRV01","11/30/2017 3:10:49 AM","Lockout","LASDC02"
"Guest","LASISE01","11/30/2017 3:14:14 AM","Lockout","LASDC02"
"ssadmnpri","LASSECSRV01","11/30/2017 3:15:50 AM","Lockout","LASDC05"
"kmerritt","DPC-21232","11/30/2017 3:16:59 PM","Lockout","LASDC02"
"ssadmnpri","LASSECSRV01","11/30/2017 4:01:36 PM","Lockout","LASDC05"
"ssadmnpri","LASSECSRV01","11/30/2017 4:15:49 AM","Lockout","LASDC02"
"ssadmnpri","LASSECSRV01","11/30/2017 4:52:51 PM","Lockout","LASDC02"
"dcasarez","DPC-20847","11/30/2017 5:25:56 AM","Lockout","LASDC02"
"dcasarez","Unlocked By: MOconner.Advisor","11/30/2017 5:28:10 AM","Unlock","LASDC02"
"ssadmnpri","LASSECSRV01","11/30/2017 5:45:50 AM","Lockout","LASDC02"
"jomartinez","DPC-20786","11/30/2017 5:57:23 AM","Lockout","LASDC02"
"jomartinez","Unlocked By: ASchiff.Advisor","11/30/2017 5:59:29 AM","Unlock","LASDC01"
"kmencl","DPC-20357","11/30/2017 6:07:26 AM","Lockout","LASDC02"
"ssadmnpri","LASSECSRV01","11/30/2017 6:10:54 PM","Lockout","LASDC05"
"ssadmnpri","LASSECSRV01","11/30/2017 6:15:52 PM","Lockout","LASDC02"
"kmencl","Unlocked By: MOconner.Advisor","11/30/2017 6:28:22 AM","Unlock","LASDC02"
"kmencl","DPC-20357","11/30/2017 6:29:40 AM","Lockout","LASDC01"
"kmencl","Unlocked By: MOconner.Advisor","11/30/2017 6:30:35 AM","Unlock","LASDC02"
"kmencl","Unlocked By: MOconner.Advisor","11/30/2017 6:30:47 AM","Unlock","LASDC02"
"anaqvi","DPC-17772","11/30/2017 6:38:24 AM","Lockout","LASDC02"
"anaqvi","Unlocked By: MOconner.Advisor","11/30/2017 6:39:46 AM","Unlock","LASDC02"
"ssadmnpri","LASSECSRV01","11/30/2017 6:52:00 AM","Lockout","LASDC02"
"mvirgin","DPC-19729","11/30/2017 6:55:59 AM","Lockout","LASDC02"
"LHall","LASAUTH02","11/30/2017 6:57:33 AM","Lockout","LASDC02"
"mvirgin","Unlocked By: ASchiff.Advisor","11/30/2017 6:59:24 AM","Unlock","LASDC01"
"ssadmnpri","LASSECSRV01","11/30/2017 7:20:52 PM","Lockout","LASDC02"
"LHall","Unlocked By: Disacoff.Advisor","11/30/2017 7:21:51 AM","Unlock","LASDC02"
"SNaqvi","DPC-18210","11/30/2017 8:07:48 AM","Lockout","LASDC02"
"ssadmnpri","LASSECSRV01","11/30/2017 8:10:51 AM","Lockout","LASDC02"
"ssadmnpri","LASSECSRV01","11/30/2017 8:15:50 AM","Lockout","LASDC05"
"SNaqvi","Unlocked By: WListon.Advisor","11/30/2017 8:25:08 AM","Unlock","LASDC02"
"ssadmnpri","LASSECSRV01","11/30/2017 8:45:53 PM","Lockout","LASDC02"
"SVC_AirWatch","Unlocked By: jblatnik.advisor","11/30/2017 8:48:30 AM","Unlock","LASDC02"
"bwayland","DPC-19347","11/30/2017 8:56:37 AM","Lockout","LASDC02"
"reslick","DPC-21206","11/30/2017 8:57:02 AM","Lockout","LASDC02"
"bwayland","Unlocked By: ZBucci.Advisor","11/30/2017 8:58:40 AM","Unlock","LASDC01"
"Jcai","DPC-20718","11/30/2017 9:17:05 AM","Lockout","LASDC01"
"Jcai","Unlocked By: ZBucci.Advisor","11/30/2017 9:19:47 AM","Unlock","LASDC01"
"ssadmnpri","LASSECSRV01","11/30/2017 9:20:50 AM","Lockout","LASDC02"
"Lcastillo","DPC-18211","11/30/2017 9:21:35 AM","Lockout","LASDC01"
"Lcastillo","Unlocked By: ZBucci.Advisor","11/30/2017 9:22:34 AM","Unlock","LASDC01"
"DRoby","DPC-17808","11/30/2017 9:24:34 AM","Lockout","LASDC02"
"reslick","Unlocked By: ZBucci.Advisor","11/30/2017 9:26:39 AM","Unlock","LASDC01"
"reslick","Unlocked By: ZBucci.Advisor","11/30/2017 9:26:56 AM","Unlock","LASDC01"
"mpanza","VDI-50012","11/30/2017 9:37:52 AM","Lockout","LASDC02"
"DRoby","Unlocked By: ZBucci.Advisor","11/30/2017 9:44:28 AM","Unlock","LASDC01"
"ssadmnpri","LASSECSRV01","11/30/2017 9:53:17 PM","Lockout","LASDC02"
"Guest","LASISE01","12/1/2017 1:18:40 AM","Lockout","LASDC02"
"bawada","DPC-20719","12/1/2017 1:31:11 PM","Lockout","LASDC02"
"ssadmnpri","LASSECSRV01","12/1/2017 1:45:54 AM","Lockout","LASDC02"
"OIvanova","DPC-20338","12/1/2017 1:46:33 PM","Lockout","LASDC02"
"bawada","Unlocked By: WListon.Advisor","12/1/2017 1:49:12 PM","Unlock","LASDC02"
"KArgent","","12/1/2017 1:51:29 PM","Lockout","LASDC01"
"ssadmnpri","LASSECSRV01","12/1/2017 10:25:56 AM","Lockout","LASDC02"
"KMunusamy","DPC-20758","12/1/2017 10:33:12 AM","Lockout","LASDC01"
"HPamarthi","DPC-18564","12/1/2017 10:33:33 AM","Lockout","LASDC02"
"KMunusamy","Unlocked By: WListon.Advisor","12/1/2017 10:33:58 AM","Unlock","LASDC02"
"ssadmnpri","LASSECSRV01","12/1/2017 10:59:23 PM","Lockout","LASDC01"
"HPamarthi.Advisor","LASPEGASQL01","12/1/2017 11:00:00 PM","Lockout","LASDC02"
"HPamarthi","DPC-18564","12/1/2017 11:03:46 AM","Lockout","LASDC02"
"HPamarthi","Unlocked By: WListon.Advisor","12/1/2017 11:12:20 AM","Unlock","LASDC02"
"HPamarthi","DPC-18564","12/1/2017 11:12:31 AM","Lockout","LASDC02"
"CCullors","DPC-20363","12/1/2017 11:15:44 AM","Lockout","LASDC02"
"JArnold","LASSQL04N01","12/1/2017 11:16:11 AM","Lockout","LASDC02"
"JArnold","LASSQL04N02","12/1/2017 11:16:11 AM","Lockout","LASDC02"
"CCullors","Unlocked By: WListon.Advisor","12/1/2017 11:16:27 AM","Unlock","LASDC02"
"HPamarthi","Unlocked By: WListon.Advisor","12/1/2017 11:17:02 AM","Unlock","LASDC02"
"HPamarthi","DPC-18564","12/1/2017 11:17:27 AM","Lockout","LASDC02"
"HPamarthi","Unlocked By: WListon.Advisor","12/1/2017 11:18:34 AM","Unlock","LASDC02"
"HPamarthi","DPC-18564","12/1/2017 11:18:47 AM","Lockout","LASDC02"
"HPamarthi","Unlocked By: WListon.Advisor","12/1/2017 11:19:39 AM","Unlock","LASDC02"
"HPamarthi","DPC-18564","12/1/2017 11:19:52 AM","Lockout","LASDC02"
"HPamarthi","Unlocked By: WListon.Advisor","12/1/2017 11:20:19 AM","Unlock","LASDC02"
"HPamarthi","DPC-18564","12/1/2017 11:20:32 AM","Lockout","LASDC02"
"HPamarthi","Unlocked By: WListon.Advisor","12/1/2017 11:21:47 AM","Unlock","LASDC02"
"HPamarthi","DPC-18564","12/1/2017 11:22:02 AM","Lockout","LASDC02"
"HPamarthi","Unlocked By: WListon.Advisor","12/1/2017 11:22:21 AM","Unlock","LASDC02"
"HPamarthi","DPC-18564","12/1/2017 11:22:43 AM","Lockout","LASDC02"
"HPamarthi","Unlocked By: WListon.Advisor","12/1/2017 11:25:29 AM","Unlock","LASDC02"
"HPamarthi","DPC-18564","12/1/2017 11:25:43 AM","Lockout","LASDC02"
"HPamarthi","Unlocked By: WListon.Advisor","12/1/2017 11:26:29 AM","Unlock","LASDC02"
"HPamarthi","DPC-18564","12/1/2017 11:31:52 AM","Lockout","LASDC02"
"HPamarthi","Unlocked By: WListon.Advisor","12/1/2017 11:35:53 AM","Unlock","LASDC02"
"HPamarthi","DPC-18564","12/1/2017 11:36:08 AM","Lockout","LASDC01"
"HPamarthi","Unlocked By: WListon.Advisor","12/1/2017 11:39:21 AM","Unlock","LASDC02"
"HPamarthi","DPC-18564","12/1/2017 11:39:33 AM","Lockout","LASDC01"
"dcasarez","DPC-20847","12/1/2017 11:44:00 AM","Lockout","LASDC01"
"HPamarthi","Unlocked By: WListon.Advisor","12/1/2017 11:44:14 AM","Unlock","LASDC02"
"HPamarthi","Unlocked By: WListon.Advisor","12/1/2017 11:44:30 AM","Unlock","LASDC02"
"HPamarthi","DPC-18564","12/1/2017 11:44:49 AM","Lockout","LASDC02"
"HPamarthi","Unlocked By: WListon.Advisor","12/1/2017 11:44:54 AM","Unlock","LASDC02"
"HPamarthi","DPC-18564","12/1/2017 11:45:09 AM","Lockout","LASDC01"
"ssadmnpri","LASSECSRV01","12/1/2017 11:45:58 AM","Lockout","LASDC02"
"HPamarthi","Unlocked By: WListon.Advisor","12/1/2017 11:52:36 AM","Unlock","LASDC02"
"HPamarthi","DPC-18564","12/1/2017 11:52:50 AM","Lockout","LASDC01"
"HPamarthi","Unlocked By: WListon.Advisor","12/1/2017 11:53:46 AM","Unlock","LASDC02"
"HPamarthi","DPC-18564","12/1/2017 11:54:00 AM","Lockout","LASDC01"
"HPamarthi","Unlocked By: WListon.Advisor","12/1/2017 11:54:36 AM","Unlock","LASDC02"
"HPamarthi","DPC-18564","12/1/2017 11:55:48 AM","Lockout","LASDC01"
"HPamarthi","Unlocked By: WListon.Advisor","12/1/2017 11:56:09 AM","Unlock","LASDC02"
"HPamarthi","DPC-18564","12/1/2017 11:56:24 AM","Lockout","LASDC01"
"HPamarthi","Unlocked By: WListon.Advisor","12/1/2017 11:56:31 AM","Unlock","LASDC02"
"HPamarthi","DPC-18564","12/1/2017 11:56:39 AM","Lockout","LASDC01"
"HPamarthi","Unlocked By: WListon.Advisor","12/1/2017 11:56:52 AM","Unlock","LASDC02"
"HPamarthi","DPC-18564","12/1/2017 11:57:04 AM","Lockout","LASDC01"
"HPamarthi","Unlocked By: WListon.Advisor","12/1/2017 11:57:12 AM","Unlock","LASDC02"
"HPamarthi","DPC-18564","12/1/2017 11:57:24 AM","Lockout","LASDC01"
"HPamarthi","Unlocked By: WListon.Advisor","12/1/2017 11:57:30 AM","Unlock","LASDC02"
"HPamarthi","DPC-18564","12/1/2017 11:57:44 AM","Lockout","LASDC01"
"HPamarthi","Unlocked By: WListon.Advisor","12/1/2017 11:57:54 AM","Unlock","LASDC02"
"HPamarthi","DPC-18564","12/1/2017 11:58:09 AM","Lockout","LASDC01"
"HPamarthi","Unlocked By: WListon.Advisor","12/1/2017 11:58:17 AM","Unlock","LASDC02"
"HPamarthi","DPC-18564","12/1/2017 11:58:29 AM","Lockout","LASDC01"
"HPamarthi","Unlocked By: WListon.Advisor","12/1/2017 11:59:03 AM","Unlock","LASDC02"
"HPamarthi","DPC-18564","12/1/2017 11:59:19 AM","Lockout","LASDC01"
"HPamarthi","Unlocked By: WListon.Advisor","12/1/2017 11:59:23 AM","Unlock","LASDC02"
"HPamarthi","DPC-18564","12/1/2017 11:59:35 AM","Lockout","LASDC01"
"HPamarthi","Unlocked By: WListon.Advisor","12/1/2017 11:59:37 AM","Unlock","LASDC02"
"HPamarthi","Unlocked By: WListon.Advisor","12/1/2017 11:59:45 AM","Unlock","LASDC02"
"HPamarthi","DPC-18564","12/1/2017 12:00:00 PM","Lockout","LASDC01"
"HPamarthi","Unlocked By: WListon.Advisor","12/1/2017 12:00:06 PM","Unlock","LASDC02"
"HPamarthi","Unlocked By: WListon.Advisor","12/1/2017 12:00:14 PM","Unlock","LASDC02"
"HPamarthi","DPC-18564","12/1/2017 12:00:25 PM","Lockout","LASDC01"
"HPamarthi","Unlocked By: WListon.Advisor","12/1/2017 12:00:30 PM","Unlock","LASDC02"
"HPamarthi","Unlocked By: WListon.Advisor","12/1/2017 12:00:42 PM","Unlock","LASDC02"
"HPamarthi","DPC-18564","12/1/2017 12:02:36 PM","Lockout","LASDC01"
"HPamarthi","Unlocked By: WListon.Advisor","12/1/2017 12:02:57 PM","Unlock","LASDC02"
"HPamarthi","DPC-18564","12/1/2017 12:03:12 PM","Lockout","LASDC01"
"HPamarthi.Advisor","Unlocked By: WListon.Advisor","12/1/2017 12:03:14 PM","Unlock","LASDC02"
"HPamarthi","Unlocked By: WListon.Advisor","12/1/2017 12:03:39 PM","Unlock","LASDC02"
"HPamarthi","DPC-18564","12/1/2017 12:03:52 PM","Lockout","LASDC01"
"HPamarthi","Unlocked By: WListon.Advisor","12/1/2017 12:04:24 PM","Unlock","LASDC02"
"HPamarthi","DPC-18564","12/1/2017 12:04:37 PM","Lockout","LASDC01"
"HPamarthi","Unlocked By: WListon.Advisor","12/1/2017 12:04:43 PM","Unlock","LASDC02"
"HPamarthi","DPC-18564","12/1/2017 12:04:57 PM","Lockout","LASDC01"
"HPamarthi","Unlocked By: WListon.Advisor","12/1/2017 12:05:29 PM","Unlock","LASDC02"
"HPamarthi","DPC-18564","12/1/2017 12:05:42 PM","Lockout","LASDC01"
"HPamarthi","Unlocked By: WListon.Advisor","12/1/2017 12:06:14 PM","Unlock","LASDC02"
"HPamarthi","DPC-18564","12/1/2017 12:06:27 PM","Lockout","LASDC01"
"HPamarthi","Unlocked By: WListon.Advisor","12/1/2017 12:06:31 PM","Unlock","LASDC02"
"HPamarthi","DPC-18564","12/1/2017 12:06:42 PM","Lockout","LASDC01"
"HPamarthi","Unlocked By: WListon.Advisor","12/1/2017 12:06:46 PM","Unlock","LASDC02"
"HPamarthi","DPC-18564","12/1/2017 12:06:58 PM","Lockout","LASDC01"
"HPamarthi","Unlocked By: WListon.Advisor","12/1/2017 12:07:05 PM","Unlock","LASDC02"
"HPamarthi","DPC-18564","12/1/2017 12:07:18 PM","Lockout","LASDC02"
"HPamarthi","Unlocked By: WListon.Advisor","12/1/2017 12:07:55 PM","Unlock","LASDC02"
"HPamarthi","Unlocked By: WListon.Advisor","12/1/2017 12:08:07 PM","Unlock","LASDC02"
"HPamarthi","Unlocked By: WListon.Advisor","12/1/2017 12:08:16 PM","Unlock","LASDC02"
"HPamarthi","DPC-18564","12/1/2017 12:08:28 PM","Lockout","LASDC01"
"HPamarthi","Unlocked By: WListon.Advisor","12/1/2017 12:08:29 PM","Unlock","LASDC02"
"HPamarthi","DPC-18564","12/1/2017 12:08:43 PM","Lockout","LASDC01"
"HPamarthi","Unlocked By: WListon.Advisor","12/1/2017 12:09:24 PM","Unlock","LASDC02"
"HPamarthi","DPC-18564","12/1/2017 12:09:39 PM","Lockout","LASDC01"
"HPamarthi","Unlocked By: WListon.Advisor","12/1/2017 12:10:05 PM","Unlock","LASDC02"
"HPamarthi","Unlocked By: WListon.Advisor","12/1/2017 12:10:16 PM","Unlock","LASDC02"
"HPamarthi","Unlocked By: WListon.Advisor","12/1/2017 12:10:22 PM","Unlock","LASDC02"
"HPamarthi","Unlocked By: WListon.Advisor","12/1/2017 12:10:31 PM","Unlock","LASDC02"
"HPamarthi","Unlocked By: WListon.Advisor","12/1/2017 12:10:47 PM","Unlock","LASDC02"
"HPamarthi","DPC-18564","12/1/2017 12:10:59 PM","Lockout","LASDC01"
"HPamarthi","Unlocked By: WListon.Advisor","12/1/2017 12:11:01 PM","Unlock","LASDC02"
"HPamarthi","Unlocked By: WListon.Advisor","12/1/2017 12:11:07 PM","Unlock","LASDC02"
"HPamarthi","Unlocked By: WListon.Advisor","12/1/2017 12:11:15 PM","Unlock","LASDC02"
"HPamarthi","Unlocked By: WListon.Advisor","12/1/2017 12:11:23 PM","Unlock","LASDC02"
"HPamarthi","Unlocked By: WListon.Advisor","12/1/2017 12:11:33 PM","Unlock","LASDC02"
"HPamarthi","Unlocked By: WListon.Advisor","12/1/2017 12:11:40 PM","Unlock","LASDC02"
"HPamarthi","Unlocked By: WListon.Advisor","12/1/2017 12:11:45 PM","Unlock","LASDC02"
"HPamarthi","Unlocked By: WListon.Advisor","12/1/2017 12:11:52 PM","Unlock","LASDC02"
"HPamarthi","Unlocked By: WListon.Advisor","12/1/2017 12:11:59 PM","Unlock","LASDC02"
"HPamarthi","Unlocked By: WListon.Advisor","12/1/2017 12:12:07 PM","Unlock","LASDC02"
"HPamarthi","Unlocked By: WListon.Advisor","12/1/2017 12:12:15 PM","Unlock","LASDC02"
"HPamarthi","Unlocked By: WListon.Advisor","12/1/2017 12:12:23 PM","Unlock","LASDC02"
"HPamarthi","Unlocked By: WListon.Advisor","12/1/2017 12:12:27 PM","Unlock","LASDC02"
"HPamarthi","DPC-18564","12/1/2017 12:12:50 PM","Lockout","LASDC01"
"HPamarthi","Unlocked By: WListon.Advisor","12/1/2017 12:12:59 PM","Unlock","LASDC02"
"HPamarthi","DPC-18564","12/1/2017 12:13:10 PM","Lockout","LASDC01"
"HPamarthi","Unlocked By: WListon.Advisor","12/1/2017 12:13:15 PM","Unlock","LASDC02"
"HPamarthi","DPC-18564","12/1/2017 12:18:20 PM","Lockout","LASDC02"
"ssadmnpri","LASSECSRV01","12/1/2017 12:20:54 AM","Lockout","LASDC02"
"HPamarthi","Unlocked By: WListon.Advisor","12/1/2017 12:21:28 PM","Unlock","LASDC02"
"HPamarthi","DPC-18564","12/1/2017 12:26:26 PM","Lockout","LASDC02"
"HPamarthi","Unlocked By: WListon.Advisor","12/1/2017 12:26:57 PM","Unlock","LASDC02"
"HPamarthi","DPC-18564","12/1/2017 12:27:11 PM","Lockout","LASDC02"
"HPamarthi","Unlocked By: WListon.Advisor","12/1/2017 12:27:15 PM","Unlock","LASDC02"
"HPamarthi","Unlocked By: WListon.Advisor","12/1/2017 12:27:24 PM","Unlock","LASDC02"
"HPamarthi","Unlocked By: WListon.Advisor","12/1/2017 12:27:29 PM","Unlock","LASDC02"
"HPamarthi","Unlocked By: WListon.Advisor","12/1/2017 12:27:40 PM","Unlock","LASDC02"
"HPamarthi","Unlocked By: WListon.Advisor","12/1/2017 12:27:48 PM","Unlock","LASDC02"
"HPamarthi","Unlocked By: WListon.Advisor","12/1/2017 12:28:01 PM","Unlock","LASDC02"
"HPamarthi","Unlocked By: WListon.Advisor","12/1/2017 12:28:09 PM","Unlock","LASDC02"
"HPamarthi","Unlocked By: WListon.Advisor","12/1/2017 12:29:49 PM","Unlock","LASDC02"
"ssadmnpri","LASSECSRV01","12/1/2017 12:59:26 PM","Lockout","LASDC02"
"wnaylor","DPC-18766","12/1/2017 2:19:29 PM","Lockout","LASDC02"
"ssadmnpri","LASSECSRV01","12/1/2017 2:20:57 PM","Lockout","LASDC05"
"ssadmnpri","LASSECSRV01","12/1/2017 2:21:38 PM","Lockout","LASDC02"
"wparrish","DPC-19738","12/1/2017 2:22:11 PM","Lockout","LASDC02"
"wnaylor","Unlocked By: WListon.Advisor","12/1/2017 2:22:12 PM","Unlock","LASDC02"
"wparrish","Unlocked By: WListon.Advisor","12/1/2017 2:23:57 PM","Unlock","LASDC02"
"SHinds.Advisor","DPC-18457","12/1/2017 2:27:08 PM","Lockout","LASDC02"
"SHinds.Advisor","Unlocked By: jlane.advisor","12/1/2017 2:28:05 PM","Unlock","LASDC02"
"OIvanova","DPC-20338","12/1/2017 2:41:12 PM","Lockout","LASDC02"
"OIvanova","Unlocked By: WListon.Advisor","12/1/2017 2:50:35 PM","Unlock","LASDC02"
"OIvanova","DPC-20338","12/1/2017 2:51:08 PM","Lockout","LASDC02"
"RRegino","DPC-20515","12/1/2017 2:52:08 PM","Lockout","LASDC02"
"RRegino","Unlocked By: WListon.Advisor","12/1/2017 2:53:15 PM","Unlock","LASDC02"
"OIvanova","Unlocked By: WListon.Advisor","12/1/2017 2:53:33 PM","Unlock","LASDC02"
"ssadmnpri","LASSECSRV01","12/1/2017 2:54:48 AM","Lockout","LASDC01"
"Guest","LASISE01","12/1/2017 2:56:09 AM","Lockout","LASDC02"
"ssadmnpri","LASSECSRV01","12/1/2017 3:25:57 PM","Lockout","LASDC02"
"ssadmnpri","LASSECSRV01","12/1/2017 4:20:56 AM","Lockout","LASDC01"
"ssadmnpri","LASSECSRV01","12/1/2017 4:45:59 PM","Lockout","LASDC02"
"HPamarthi.Advisor","LASPEGASQL01","12/1/2017 5:00:00 PM","Lockout","LASDC02"
"ssadmnpri","LASSECSRV01","12/1/2017 5:20:55 AM","Lockout","LASDC02"
"ssadmnpri","LASSECSRV01","12/1/2017 5:58:50 PM","Lockout","LASDC02"
"HPamarthi.Advisor","LASSQL03","12/1/2017 6:00:00 PM","Lockout","LASDC02"
"jomartinez","DPC-20786","12/1/2017 6:00:15 AM","Lockout","LASDC02"
"jomartinez","Unlocked By: MOconner.Advisor","12/1/2017 6:02:22 AM","Unlock","LASDC02"
"nsolomon","DPC-20820","12/1/2017 6:29:56 AM","Lockout","LASDC02"
"sfoster","LASSASC01","12/1/2017 6:37:52 AM","Lockout","LASDC02"
"sfoster","Unlocked By: MOconner.Advisor","12/1/2017 6:45:22 AM","Unlock","LASDC02"
"sfoster","Unlocked By: MOconner.Advisor","12/1/2017 6:45:28 AM","Unlock","LASDC02"
"Asamson","DPC-19747","12/1/2017 6:53:49 AM","Lockout","LASDC02"
"Asamson","Unlocked By: MOconner.Advisor","12/1/2017 6:55:28 AM","Unlock","LASDC02"
"Asamson","Unlocked By: MOconner.Advisor","12/1/2017 6:56:00 AM","Unlock","LASDC02"
"ssadmnpri","LASSECSRV01","12/1/2017 7:15:16 AM","Lockout","LASDC05"
"ssadmnpri","LASSECSRV01","12/1/2017 7:20:58 PM","Lockout","LASDC02"
"jomartinez","DPC-20786","12/1/2017 7:25:42 AM","Lockout","LASDC02"
"ssadmnpri","LASSECSRV01","12/1/2017 7:26:07 PM","Lockout","LASDC05"
"jomartinez","Unlocked By: MOconner.Advisor","12/1/2017 7:28:40 AM","Unlock","LASDC02"
"jomartinez","Unlocked By: MOconner.Advisor","12/1/2017 7:31:51 AM","Unlock","LASDC02"
"SHinds.Advisor","DPC-18457","12/1/2017 7:48:43 AM","Lockout","LASDC02"
"ssadmnpri","LASSECSRV01","12/1/2017 7:59:11 AM","Lockout","LASDC02"
"TReynolds","DPC-20491","12/1/2017 8:00:27 AM","Lockout","LASDC02"
"TReynolds","Unlocked By: MOconner.Advisor","12/1/2017 8:06:33 AM","Unlock","LASDC02"
"bdavis","DPC-20486","12/1/2017 8:13:02 AM","Lockout","LASDC02"
"ssadmnpri","LASSECSRV01","12/1/2017 8:27:01 PM","Lockout","LASDC02"
"bdavis","LASEXCH02","12/1/2017 8:56:38 AM","Lockout","LASDC02"
"sharrison","DPC-20373","12/1/2017 9:13:50 AM","Lockout","LASDC02"
"ssadmnpri","LASSECSRV01","12/1/2017 9:17:05 AM","Lockout","LASDC02"
"bdavis","Unlocked By: WListon.Advisor","12/1/2017 9:39:19 AM","Unlock","LASDC02"
"ssadmnpri","LASSECSRV01","12/1/2017 9:46:01 PM","Lockout","LASDC02"
"ssadmnpri","LASSECSRV01","12/10/2017 1:22:32 AM","Lockout","LASDC01"
"ssadmnpri","LASSECSRV01","12/10/2017 1:34:18 PM","Lockout","LASDC01"
"ssadmnpri","LASSECSRV01","12/10/2017 10:02:54 AM","Lockout","LASDC05"
"ssadmnpri","LASSECSRV01","12/10/2017 10:07:57 PM","Lockout","LASDC05"
"HPamarthi.Advisor","LASPEGASQL01","12/10/2017 10:30:19 AM","Lockout","LASDC02"
"HPamarthi.Advisor","LASPEGASQL01","12/10/2017 11:00:00 PM","Lockout","LASDC02"
"ssadmnpri","LASSECSRV01","12/10/2017 11:06:02 AM","Lockout","LASDC05"
"ssadmnpri","LASSECSRV01","12/10/2017 11:10:09 PM","Lockout","LASDC01"
"HPamarthi.Advisor","LASSQL03","12/10/2017 12:00:00 AM","Lockout","LASDC02"
"HPamarthi.Advisor","LASSQL03","12/10/2017 12:00:00 PM","Lockout","LASDC02"
"ssadmnpri","LASSECSRV01","12/10/2017 12:22:53 AM","Lockout","LASDC05"
"ssadmnpri","LASSECSRV01","12/10/2017 12:32:56 PM","Lockout","LASDC05"
"NFedei.Advisor","LASINFRA03","12/10/2017 2:19:09 AM","Lockout","LASDC02"
"ssadmnpri","LASSECSRV01","12/10/2017 2:37:54 AM","Lockout","LASDC02"
"Guest","LASISE01","12/10/2017 2:41:29 AM","Lockout","LASDC02"
"ssadmnpri","LASSECSRV01","12/10/2017 2:42:52 AM","Lockout","LASDC05"
"ssadmnpri","LASSECSRV01","12/10/2017 2:57:55 PM","Lockout","LASDC05"
"Guest","LASISE01","12/10/2017 3:35:04 AM","Lockout","LASDC02"
"ssadmnpri","LASSECSRV01","12/10/2017 3:47:52 AM","Lockout","LASDC02"
"ssadmnpri","LASSECSRV01","12/10/2017 3:58:10 PM","Lockout","LASDC02"
"HPamarthi.Advisor","LASPEGASQL01","12/10/2017 5:00:00 AM","Lockout","LASDC02"
"HPamarthi.Advisor","LASPEGASQL01","12/10/2017 5:00:00 PM","Lockout","LASDC02"
"ssadmnpri","LASSECSRV01","12/10/2017 5:24:42 AM","Lockout","LASDC05"
"ssadmnpri","LASSECSRV01","12/10/2017 5:35:36 PM","Lockout","LASDC05"
"HPamarthi.Advisor","LASETL04","12/10/2017 6:00:00 AM","Lockout","LASDC02"
"HPamarthi.Advisor","LASSQL03","12/10/2017 6:00:00 AM","Lockout","LASDC02"
"HPamarthi.Advisor","LASSQL03","12/10/2017 6:00:00 PM","Lockout","LASDC02"
"ssadmnpri","LASSECSRV01","12/10/2017 6:16:38 AM","Lockout","LASDC01"
"ssadmnpri","LASSECSRV01","12/10/2017 6:22:10 PM","Lockout","LASDC01"
"ssadmnpri","LASSECSRV01","12/10/2017 7:37:53 AM","Lockout","LASDC05"
"ssadmnpri","LASSECSRV01","12/10/2017 7:42:56 PM","Lockout","LASDC05"
"ssadmnpri","LASSECSRV01","12/10/2017 8:40:07 AM","Lockout","LASDC02"
"ssadmnpri","LASSECSRV01","12/10/2017 8:46:38 PM","Lockout","LASDC01"
"Guest","LASISE01","12/11/2017 1:26:43 AM","Lockout","LASDC02"
"ssadmnpri","LASSECSRV01","12/11/2017 1:35:18 AM","Lockout","LASDC01"
"ssadmnpri","LASSECSRV01","12/11/2017 1:46:15 PM","Lockout","LASDC01"
"ssadmnpri","LASSECSRV01","12/11/2017 10:23:00 AM","Lockout","LASDC05"
"ssadmnpri","LASSECSRV01","12/11/2017 10:28:05 PM","Lockout","LASDC05"
"HPamarthi.Advisor","LASPEGASQL01","12/11/2017 10:30:19 AM","Lockout","LASDC02"
"HPamarthi.Advisor","LASPEGASQL01","12/11/2017 11:00:00 PM","Lockout","LASDC02"
"ssadmnpri","LASSECSRV01","12/11/2017 11:22:26 AM","Lockout","LASDC02"
"ssadmnpri","LASSECSRV01","12/11/2017 11:26:54 PM","Lockout","LASDC01"
"CBarnes.Advisor","DPC-19261","12/11/2017 11:45:54 AM","Lockout","LASDC02"
"CBarnes.Advisor","Unlocked By: Disacoff.Advisor","12/11/2017 11:46:50 AM","Unlock","LASDC02"
"HPamarthi.Advisor","LASETL04","12/11/2017 12:00:00 AM","Lockout","LASDC02"
"HPamarthi.Advisor","LASSQL03","12/11/2017 12:00:00 PM","Lockout","LASDC02"
"Guest","LASISE01","12/11/2017 12:12:50 AM","Lockout","LASDC02"
"ssadmnpri","LASSECSRV01","12/11/2017 12:41:57 AM","Lockout","LASDC05"
"ssadmnpri","LASSECSRV01","12/11/2017 12:43:02 PM","Lockout","LASDC02"
"Guest","LASISE01","12/11/2017 12:44:21 AM","Lockout","LASDC02"
"Guest","LASISE01","12/11/2017 2:14:59 AM","Lockout","LASDC02"
"ssadmnpri","LASSECSRV01","12/11/2017 3:03:01 AM","Lockout","LASDC05"
"ssadmnpri","LASSECSRV01","12/11/2017 3:08:01 PM","Lockout","LASDC05"
"ssadmnpri","LASSECSRV01","12/11/2017 4:05:44 AM","Lockout","LASDC01"
"ssadmnpri","LASSECSRV01","12/11/2017 4:09:04 PM","Lockout","LASDC01"
"HPamarthi.Advisor","LASPEGASQL01","12/11/2017 5:00:00 AM","Lockout","LASDC02"
"HPamarthi.Advisor","LASPEGASQL01","12/11/2017 5:00:00 PM","Lockout","LASDC02"
"ssadmnpri","LASSECSRV01","12/11/2017 5:46:35 AM","Lockout","LASDC05"
"ssadmnpri","LASSECSRV01","12/11/2017 5:57:39 PM","Lockout","LASDC05"
"HPamarthi.Advisor","LASSQL03","12/11/2017 6:00:00 AM","Lockout","LASDC02"
"HPamarthi.Advisor","LASETL04","12/11/2017 6:00:00 PM","Lockout","LASDC02"
"jdocena","DPC-20776","12/11/2017 6:02:42 AM","Lockout","LASDC01"
"jdocena","Unlocked By: cdavis.advisor","12/11/2017 6:17:25 AM","Unlock","LASDC01"
"csantiago","DPC-20730","12/11/2017 6:29:02 AM","Lockout","LASDC02"
"csantiago","Unlocked By: cdavis.advisor","12/11/2017 6:32:09 AM","Unlock","LASDC01"
"ssadmnpri","LASSECSRV01","12/11/2017 6:34:46 AM","Lockout","LASDC01"
"ssadmnpri","LASSECSRV01","12/11/2017 6:34:54 PM","Lockout","LASDC01"
"capsystest","VDI-60034","12/11/2017 7:20:42 AM","Lockout","LASDC02"
"gfunk","DPC-18771","12/11/2017 7:21:50 AM","Lockout","LASDC01"
"gfunk","Unlocked By: Disacoff.Advisor","12/11/2017 7:23:52 AM","Unlock","LASDC02"
"capsystest","Unlocked By: Disacoff.Advisor","12/11/2017 7:29:23 AM","Unlock","LASDC02"
"DPaquette","DPC-21211","12/11/2017 7:35:45 AM","Lockout","LASDC02"
"DPaquette","Unlocked By: MOconner.Advisor","12/11/2017 7:36:58 AM","Unlock","LASDC02"
"ssadmnpri","LASSECSRV01","12/11/2017 7:53:01 AM","Lockout","LASDC02"
"ssadmnpri","LASSECSRV01","12/11/2017 7:57:59 AM","Lockout","LASDC05"
"ssadmnpri","LASSECSRV01","12/11/2017 8:03:04 PM","Lockout","LASDC05"
"JWilliams","Unlocked By: Disacoff.Advisor","12/11/2017 8:06:29 AM","Unlock","LASDC02"
"asimmons","DPC-18770","12/11/2017 8:51:02 AM","Lockout","LASDC02"
"ssadmnpri","LASSECSRV01","12/11/2017 8:58:39 AM","Lockout","LASDC01"
"asimmons","Unlocked By: JCline.Advisor","12/11/2017 8:58:49 AM","Unlock","LASDC01"
"ssadmnpri","LASSECSRV01","12/11/2017 9:03:07 PM","Lockout","LASDC01"
"MLEWIS","DPC-20489","12/11/2017 9:20:34 AM","Lockout","LASDC02"
"MLEWIS","Unlocked By: RPreta.Advisor","12/11/2017 9:22:47 AM","Unlock","LASDC02"
"Rdowd","Unlocked By: sbonar","12/11/2017 9:36:48 AM","Unlock","LASDC02"
"lpetitjean.advisor","LASSFSUPG01","12/11/2017 9:55:15 AM","Lockout","LASDC02"
"ssadmnpri","LASSECSRV01","12/12/2017 1:04:07 AM","Lockout","LASDC05"
"tiwsmgr","LASTI02","12/12/2017 1:14:02 AM","Lockout","LASDC02"
"ssadmnpri","LASSECSRV01","12/12/2017 1:15:10 PM","Lockout","LASDC05"
"ssadmnpri","LASSECSRV01","12/12/2017 1:50:30 AM","Lockout","LASDC01"
"ssadmnpri","LASSECSRV01","12/12/2017 1:56:58 PM","Lockout","LASDC01"
"MGray.Advisor","Unlocked By: Disacoff.Advisor","12/12/2017 10:11:08 AM","Unlock","LASDC02"
"ssadmnpri","LASSECSRV01","12/12/2017 10:28:11 PM","Lockout","LASDC02"
"HPamarthi.Advisor","LASPEGASQL01","12/12/2017 10:30:19 AM","Lockout","LASDC02"
"ssadmnpri","LASSECSRV01","12/12/2017 10:33:08 AM","Lockout","LASDC05"
"DPaquette","DPC-21211","12/12/2017 10:36:01 AM","Lockout","LASDC02"
"DPaquette","Unlocked By: WListon.Advisor","12/12/2017 10:49:15 AM","Unlock","LASDC02"
"DPayne.Advisor","Unlocked By: MOconner.Advisor","12/12/2017 10:49:34 AM","Unlock","LASDC01"
"HPamarthi.Advisor","LASPEGASQL01","12/12/2017 11:00:00 PM","Lockout","LASDC02"
"ssadmnpri","LASSECSRV01","12/12/2017 11:33:08 PM","Lockout","LASDC02"
"ssadmnpri","LASSECSRV01","12/12/2017 11:33:10 AM","Lockout","LASDC01"
"HPamarthi.Advisor","LASPEGASQL01","12/12/2017 12:00:00 AM","Lockout","LASDC02"
"HPamarthi.Advisor","LASSQL03","12/12/2017 12:00:00 AM","Lockout","LASDC02"
"HPamarthi.Advisor","LASETL04","12/12/2017 12:00:00 PM","Lockout","LASDC02"
"HPamarthi.Advisor","LASSQL03","12/12/2017 12:00:00 PM","Lockout","LASDC02"
"RWilliams","DPC-21244","12/12/2017 12:05:49 PM","Lockout","LASDC02"
"RWilliams","Unlocked By: RPreta.Advisor","12/12/2017 12:06:59 PM","Unlock","LASDC02"
"Guest","LASISE01","12/12/2017 12:15:37 AM","Lockout","LASDC02"
"DPaquette","DPC-21211","12/12/2017 12:49:25 PM","Lockout","LASDC02"
"DPaquette","Unlocked By: JCline.Advisor","12/12/2017 12:53:39 PM","Unlock","LASDC02"
"HRoberts","DPC-21218","12/12/2017 3:07:38 PM","Lockout","LASDC02"
"ssadmnpri","LASSECSRV01","12/12/2017 3:13:05 AM","Lockout","LASDC05"
"HRoberts","Unlocked By: WListon.Advisor","12/12/2017 3:17:21 PM","Unlock","LASDC02"
"ssadmnpri","LASSECSRV01","12/12/2017 3:23:09 PM","Lockout","LASDC05"
"Register","DPC-18219","12/12/2017 3:33:09 PM","Lockout","LASDC02"
"HRoberts","DPC-21218","12/12/2017 3:59:14 PM","Lockout","LASDC02"
"HRoberts","Unlocked By: Disacoff.Advisor","12/12/2017 4:07:27 PM","Unlock","LASDC02"
"ssadmnpri","LASSECSRV01","12/12/2017 4:16:30 AM","Lockout","LASDC02"
"Wharp.Advisor","LASMEDIA01","12/12/2017 4:56:42 PM","Lockout","LASDC02"
"HPamarthi.Advisor","LASPEGASQL01","12/12/2017 5:00:00 AM","Lockout","LASDC02"
"HPamarthi.Advisor","LASPEGASQL01","12/12/2017 5:00:00 PM","Lockout","LASDC02"
"Wharp.Advisor","Unlocked By: mmcatee.advisor","12/12/2017 5:00:05 PM","Unlock","LASDC01"
"ssadmnpri","LASSECSRV01","12/12/2017 5:43:08 PM","Lockout","LASDC05"
"smoore","DPC-17755","12/12/2017 5:52:16 AM","Lockout","LASDC02"
"smoore","Unlocked By: MOconner.Advisor","12/12/2017 5:54:06 AM","Unlock","LASDC01"
"HPamarthi.Advisor","LASSQL03","12/12/2017 6:00:00 AM","Lockout","LASDC02"
"HPamarthi.Advisor","LASSQL03","12/12/2017 6:00:00 PM","Lockout","LASDC02"
"ssadmnpri","LASSECSRV01","12/12/2017 6:08:44 AM","Lockout","LASDC05"
"ssadmnpri","LASSECSRV01","12/12/2017 6:44:51 AM","Lockout","LASDC01"
"ssadmnpri","LASSECSRV01","12/12/2017 6:44:59 PM","Lockout","LASDC02"
"mabraham","DPC-20772","12/12/2017 7:12:31 AM","Lockout","LASDC02"
"mabraham","Unlocked By: MOconner.Advisor","12/12/2017 7:13:48 AM","Unlock","LASDC01"
"MMcatee.Advisor","DPC-19875","12/12/2017 8:07:36 AM","Lockout","LASDC02"
"MMcAtee","DPC-19875","12/12/2017 8:07:47 AM","Lockout","LASDC02"
"ssadmnpri","LASSECSRV01","12/12/2017 8:08:09 PM","Lockout","LASDC02"
"MMcatee.Advisor","Unlocked By: wharp.advisor","12/12/2017 8:08:58 AM","Unlock","LASDC01"
"MMcAtee","Unlocked By: wharp.advisor","12/12/2017 8:10:19 AM","Unlock","LASDC01"
"ssadmnpri","LASSECSRV01","12/12/2017 8:10:34 AM","Lockout","LASDC01"
"MMcAtee","Unlocked By: wharp.advisor","12/12/2017 8:10:44 AM","Unlock","LASDC01"
"MMcAtee","Unlocked By: mmcatee.advisor","12/12/2017 8:12:42 AM","Unlock","LASDC01"
"MMcAtee","Unlocked By: mmcatee.advisor","12/12/2017 8:12:59 AM","Unlock","LASDC01"
"sthompson","WORKSTATION","12/12/2017 8:39:53 AM","Lockout","LASDC02"
"sthompson","Unlocked By: Disacoff.Advisor","12/12/2017 8:51:59 AM","Unlock","LASDC02"
"ssadmnpri","LASSECSRV01","12/12/2017 9:08:46 AM","Lockout","LASDC02"
"ssadmnpri","LASSECSRV01","12/12/2017 9:09:20 PM","Lockout","LASDC02"
"gmoreno","DPC-19121","12/12/2017 9:10:09 AM","Lockout","LASDC02"
"gmoreno","Unlocked By: RPreta.Advisor","12/12/2017 9:18:12 AM","Unlock","LASDC02"
"LJabbi","DPC-18568","12/12/2017 9:33:01 AM","Lockout","LASDC02"
"LJabbi","Unlocked By: WListon.Advisor","12/12/2017 9:34:13 AM","Unlock","LASDC02"
"thaynal","DPC-20382","12/12/2017 9:46:07 AM","Lockout","LASDC02"
"thaynal","Unlocked By: WListon.Advisor","12/12/2017 9:50:20 AM","Unlock","LASDC02"
"lpetitjean.advisor","LASSFSUPG01","12/12/2017 9:55:17 AM","Lockout","LASDC02"
"HRoberts","LASEXCH02","12/13/2017 1:28:07 AM","Lockout","LASDC02"
"ssadmnpri","LASSECSRV01","12/13/2017 1:56:51 AM","Lockout","LASDC02"
"DPaquette","Unlocked By: WListon.Advisor","12/13/2017 10:03:34 AM","Unlock","LASDC02"
"Channa","DPC-21253","12/13/2017 10:13:30 AM","Lockout","LASDC02"
"HPamarthi.Advisor","LASPEGASQL01","12/13/2017 10:30:19 AM","Lockout","LASDC02"
"GGrimaldo","DPC-19351","12/13/2017 10:32:45 AM","Lockout","LASDC02"
"ssadmnpri","LASSECSRV01","12/13/2017 10:34:20 AM","Lockout","LASDC05"
"HPamarthi.Advisor","LASPEGASQL01","12/13/2017 12:00:00 AM","Lockout","LASDC02"
"HPamarthi.Advisor","LASSQL03","12/13/2017 12:00:00 AM","Lockout","LASDC01"
"ssadmnpri","LASSECSRV01","12/13/2017 12:53:10 AM","Lockout","LASDC02"
"ssadmnpri","LASSECSRV01","12/13/2017 12:58:11 AM","Lockout","LASDC05"
"ssadmnpri","LASSECSRV01","12/13/2017 3:23:12 AM","Lockout","LASDC02"
"ssadmnpri","LASSECSRV01","12/13/2017 3:28:01 AM","Lockout","LASDC05"
"ssadmnpri","LASSECSRV01","12/13/2017 4:22:27 AM","Lockout","LASDC02"
"HRoberts","LASEXCH03","12/13/2017 4:28:23 AM","Lockout","LASDC02"
"HPamarthi.Advisor","LASPEGASQL01","12/13/2017 5:00:00 AM","Lockout","LASDC02"
"ssadmnpri","LASSECSRV01","12/13/2017 5:38:18 AM","Lockout","LASDC02"
"ssadmnpri","LASSECSRV01","12/13/2017 5:43:11 AM","Lockout","LASDC05"
"HPamarthi.Advisor","LASETL04","12/13/2017 6:00:00 AM","Lockout","LASDC02"
"HPamarthi.Advisor","LASSQL03","12/13/2017 6:00:00 AM","Lockout","LASDC02"
"ssadmnpri","LASSECSRV01","12/13/2017 6:45:17 AM","Lockout","LASDC02"
"MCorner","DPC-20525","12/13/2017 7:28:28 AM","Lockout","LASDC02"
"MCorner","Unlocked By: Disacoff.Advisor","12/13/2017 7:29:27 AM","Unlock","LASDC02"
"MCorner","DPC-20525","12/13/2017 7:30:54 AM","Lockout","LASDC02"
"MCorner","Unlocked By: Disacoff.Advisor","12/13/2017 7:53:22 AM","Unlock","LASDC02"
"jbattista","DPC-20890","12/13/2017 7:59:50 AM","Lockout","LASDC02"
"OIvanova","DPC-20338","12/13/2017 8:06:01 AM","Lockout","LASDC02"
"ssadmnpri","LASSECSRV01","12/13/2017 8:08:12 AM","Lockout","LASDC02"
"jbattista","Unlocked By: JBattista.Advisor","12/13/2017 8:10:34 AM","Unlock","LASDC01"
"MCorner","DPC-20525","12/13/2017 8:12:05 AM","Lockout","LASDC02"
"OIvanova","Unlocked By: WListon.Advisor","12/13/2017 8:30:17 AM","Unlock","LASDC02"
"OIvanova","DPC-20338","12/13/2017 8:31:20 AM","Lockout","LASDC02"
"OIvanova","Unlocked By: WListon.Advisor","12/13/2017 8:32:27 AM","Unlock","LASDC02"
"ldeguzman","DPC-18559","12/13/2017 8:45:11 AM","Lockout","LASDC02"
"MCorner","DPC-20525","12/13/2017 8:46:01 AM","Lockout","LASDC02"
"braju.Advisor","Unlocked By: MOconner.Advisor","12/13/2017 8:48:13 AM","Unlock","LASDC01"
"yalemu.Advisor","Unlocked By: MOconner.Advisor","12/13/2017 8:50:27 AM","Unlock","LASDC01"
"Mwroblewski.Advisor","Unlocked By: Mwroblewski.Advisor","12/13/2017 8:59:47 AM","Unlock","LASDC01"
"ssadmnpri","LASSECSRV01","12/13/2017 9:09:16 AM","Lockout","LASDC02"
"DPaquette","DPC-21211","12/13/2017 9:55:36 AM","Lockout","LASDC02"
"ssadmnpri","LASSECSRV01","12/2/2017 1:29:00 AM","Lockout","LASDC02"
"tiwsmgr","LASTI02","12/2/2017 1:40:40 PM","Lockout","LASDC02"
"ssadmnpri","LASSECSRV01","12/2/2017 1:58:43 PM","Lockout","LASDC01"
"ssadmnpri","LASSECSRV01","12/2/2017 10:21:02 AM","Lockout","LASDC05"
"HPamarthi.Advisor","LASPEGASQL01","12/2/2017 10:30:19 AM","Lockout","LASDC02"
"ssadmnpri","LASSECSRV01","12/2/2017 10:50:43 PM","Lockout","LASDC02"
"ssadmnpri","LASSECSRV01","12/2/2017 10:51:05 PM","Lockout","LASDC05"
"HPamarthi.Advisor","LASPEGASQL01","12/2/2017 11:00:00 PM","Lockout","LASDC02"
"ssadmnpri","LASSECSRV01","12/2/2017 11:28:39 AM","Lockout","LASDC01"
"ssadmnpri","LASSECSRV01","12/2/2017 11:56:05 PM","Lockout","LASDC02"
"HPamarthi.Advisor","LASSQL03","12/2/2017 12:00:00 AM","Lockout","LASDC02"
"HPamarthi.Advisor","LASSQL03","12/2/2017 12:00:00 PM","Lockout","LASDC02"
"ssadmnpri","LASSECSRV01","12/2/2017 12:21:00 AM","Lockout","LASDC02"
"HPamarthi","LASSQL02N06","12/2/2017 12:21:12 AM","Lockout","LASDC01"
"ssadmnpri","LASSECSRV01","12/2/2017 12:30:39 AM","Lockout","LASDC05"
"ssadmnpri","LASSECSRV01","12/2/2017 12:51:03 PM","Lockout","LASDC05"
"jomartinez","DPC-20786","12/2/2017 2:41:54 PM","Lockout","LASDC02"
"ssadmnpri","LASSECSRV01","12/2/2017 2:46:02 AM","Lockout","LASDC02"
"ssadmnpri","LASSECSRV01","12/2/2017 3:44:19 PM","Lockout","LASDC01"
"ssadmnpri","LASSECSRV01","12/2/2017 3:56:01 AM","Lockout","LASDC02"
"ssadmnpri","LASSECSRV01","12/2/2017 4:29:07 PM","Lockout","LASDC01"
"HPamarthi.Advisor","LASPEGASQL01","12/2/2017 5:00:00 AM","Lockout","LASDC02"
"HPamarthi.Advisor","LASPEGASQL01","12/2/2017 5:00:00 PM","Lockout","LASDC02"
"ssadmnpri","LASSECSRV01","12/2/2017 5:35:11 AM","Lockout","LASDC05"
"ssadmnpri","LASSECSRV01","12/2/2017 5:51:04 PM","Lockout","LASDC05"
"HPamarthi.Advisor","LASETL04","12/2/2017 6:00:00 AM","Lockout","LASDC02"
"HPamarthi.Advisor","LASSQL03","12/2/2017 6:00:00 PM","Lockout","LASDC02"
"Guest","LASISE01","12/2/2017 6:03:00 AM","Lockout","LASDC02"
"ssadmnpri","LASSECSRV01","12/2/2017 6:29:19 AM","Lockout","LASDC02"
"AxisTVUser","LASVD-6600-2-2","12/2/2017 6:52:20 PM","Lockout","LASDC02"
"ssadmnpri","LASSECSRV01","12/2/2017 6:56:04 PM","Lockout","LASDC02"
"AxisTVUser","LASVD-6600-2-3","12/2/2017 7:37:30 PM","Lockout","LASDC02"
"ssadmnpri","LASSECSRV01","12/2/2017 7:51:02 AM","Lockout","LASDC05"
"NFedei.Advisor","LASVD-6600-2-8","12/2/2017 7:57:16 PM","Lockout","LASDC02"
"tjervis","DPC-20803","12/2/2017 8:07:43 AM","Lockout","LASDC02"
"AxisTVUser","LASVD-6600-3-2","12/2/2017 8:10:55 PM","Lockout","LASDC02"
"ssadmnpri","LASSECSRV01","12/2/2017 8:21:05 PM","Lockout","LASDC05"
"ssadmnpri","LASSECSRV01","12/2/2017 8:59:02 AM","Lockout","LASDC01"
"Cserrano","DPC-20388","12/2/2017 9:03:55 AM","Lockout","LASDC02"
"Cserrano","Unlocked By: jlane.advisor","12/2/2017 9:09:20 AM","Unlock","LASDC02"
"ssadmnpri","LASSECSRV01","12/2/2017 9:28:52 PM","Lockout","LASDC02"
"ssadmnpri","LASSECSRV01","12/3/2017 1:16:07 AM","Lockout","LASDC02"
"ssadmnpri","LASSECSRV01","12/3/2017 1:56:09 PM","Lockout","LASDC02"
"ssadmnpri","LASSECSRV01","12/3/2017 10:01:08 AM","Lockout","LASDC02"
"HPamarthi.Advisor","LASPEGASQL01","12/3/2017 10:30:19 AM","Lockout","LASDC02"
"HPamarthi.Advisor","LASPEGASQL01","12/3/2017 10:30:19 PM","Lockout","LASDC02"
"ssadmnpri","LASSECSRV01","12/3/2017 10:31:11 PM","Lockout","LASDC02"
"ssadmnpri","LASSECSRV01","12/3/2017 11:21:10 AM","Lockout","LASDC02"
"ssadmnpri","LASSECSRV01","12/3/2017 11:26:08 AM","Lockout","LASDC05"
"ssadmnpri","LASSECSRV01","12/3/2017 11:56:12 PM","Lockout","LASDC02"
"HPamarthi.Advisor","LASSQL03","12/3/2017 12:00:00 AM","Lockout","LASDC02"
"HPamarthi.Advisor","LASSQL03","12/3/2017 12:00:00 PM","Lockout","LASDC02"
"ssadmnpri","LASSECSRV01","12/3/2017 12:31:09 PM","Lockout","LASDC02"
"NFedei.Advisor","LASINFRA03","12/3/2017 2:19:26 AM","Lockout","LASDC02"
"ssadmnpri","LASSECSRV01","12/3/2017 2:28:18 AM","Lockout","LASDC02"
"Guest","LASISE01","12/3/2017 2:43:19 AM","Lockout","LASDC02"
"tiwsmgr","LASTI02","12/3/2017 2:58:54 PM","Lockout","LASDC02"
"ssadmnpri","LASSECSRV01","12/3/2017 3:03:46 PM","Lockout","LASDC02"
"Guest","LASISE01","12/3/2017 3:15:32 AM","Lockout","LASDC02"
"Guest","LASISE01","12/3/2017 3:48:25 AM","Lockout","LASDC02"
"ssadmnpri","LASSECSRV01","12/3/2017 3:51:06 AM","Lockout","LASDC02"
"ssadmnpri","LASSECSRV01","12/3/2017 3:55:18 AM","Lockout","LASDC05"
"ssadmnpri","LASSECSRV01","12/3/2017 4:21:11 PM","Lockout","LASDC02"
"ssadmnpri","LASSECSRV01","12/3/2017 4:26:10 PM","Lockout","LASDC05"
"ssadmnpri","LASSECSRV01","12/3/2017 4:56:12 AM","Lockout","LASDC02"
"HPamarthi.Advisor","LASPEGASQL01","12/3/2017 5:00:00 AM","Lockout","LASDC02"
"HPamarthi.Advisor","LASPEGASQL01","12/3/2017 5:00:00 PM","Lockout","LASDC02"
"ssadmnpri","LASSECSRV01","12/3/2017 5:34:11 PM","Lockout","LASDC01"
"HPamarthi.Advisor","LASSQL03","12/3/2017 6:00:00 AM","Lockout","LASDC02"
"HPamarthi.Advisor","LASETL04","12/3/2017 6:00:00 PM","Lockout","LASDC02"
"HPamarthi.Advisor","LASSQL03","12/3/2017 6:00:00 PM","Lockout","LASDC02"
"DWalton","DPC-18495","12/3/2017 6:15:25 AM","Lockout","LASDC01"
"ssadmnpri","LASSECSRV01","12/3/2017 6:16:11 AM","Lockout","LASDC02"
"HPamarthi","LASSQL02N06","12/3/2017 6:47:45 AM","Lockout","LASDC02"
"ssadmnpri","LASSECSRV01","12/3/2017 6:56:10 PM","Lockout","LASDC02"
"ssadmnpri","LASSECSRV01","12/3/2017 7:26:08 AM","Lockout","LASDC02"
"ssadmnpri","LASSECSRV01","12/3/2017 8:03:56 PM","Lockout","LASDC02"
"HPamarthi","LASSQL02N06","12/3/2017 8:45:38 AM","Lockout","LASDC02"
"ssadmnpri","LASSECSRV01","12/3/2017 8:56:08 AM","Lockout","LASDC02"
"ssadmnpri","LASSECSRV01","12/3/2017 8:59:48 AM","Lockout","LASDC05"
"ssadmnpri","LASSECSRV01","12/3/2017 9:21:12 PM","Lockout","LASDC02"
"ssadmnpri","LASSECSRV01","12/3/2017 9:26:11 PM","Lockout","LASDC05"
"ssadmnpri","LASSECSRV01","12/4/2017 1:03:45 AM","Lockout","LASDC02"
"ssadmnpri","LASSECSRV01","12/4/2017 1:23:57 PM","Lockout","LASDC01"
"Guest","LASISE01","12/4/2017 1:33:18 AM","Lockout","LASDC02"
"SEttefagh","DPC-20754","12/4/2017 1:54:15 PM","Lockout","LASDC02"
"SEttefagh","Unlocked By: WListon.Advisor","12/4/2017 1:56:15 PM","Unlock","LASDC02"
"RWhitty","DPC-21241","12/4/2017 10:09:43 PM","Lockout","LASDC02"
"HPamarthi.Advisor","LASPEGASQL01","12/4/2017 10:30:19 AM","Lockout","LASDC02"
"RWhitty","DPC-21241","12/4/2017 10:40:29 PM","Lockout","LASDC02"
"OIvanova","DPC-20338","12/4/2017 10:44:32 AM","Lockout","LASDC02"
"ssadmnpri","LASSECSRV01","12/4/2017 10:57:32 PM","Lockout","LASDC01"
"ssadmnpri","LASSECSRV01","12/4/2017 10:59:32 AM","Lockout","LASDC01"
"HPamarthi.Advisor","LASPEGASQL01","12/4/2017 11:00:00 PM","Lockout","LASDC02"
"RWhitty","DPC-21241","12/4/2017 11:11:48 PM","Lockout","LASDC02"
"sharrison","DPC-20373","12/4/2017 11:18:08 AM","Lockout","LASDC02"
"JHarding","DPC-17764","12/4/2017 11:36:51 AM","Lockout","LASDC02"
"RWhitty","DPC-21241","12/4/2017 11:43:24 PM","Lockout","LASDC02"
"sharrison","DPC-20373","12/4/2017 11:57:17 AM","Lockout","LASDC02"
"HPamarthi.Advisor","LASSQL03","12/4/2017 12:00:00 AM","Lockout","LASDC02"
"HPamarthi.Advisor","LASETL04","12/4/2017 12:00:00 PM","Lockout","LASDC02"
"HPamarthi.Advisor","LASSQL03","12/4/2017 12:00:00 PM","Lockout","LASDC02"
"sharrison","Unlocked By: Disacoff.Advisor","12/4/2017 12:02:21 PM","Unlock","LASDC02"
"bawada","DPC-20719","12/4/2017 12:05:34 PM","Lockout","LASDC02"
"asimmons","DPC-18770","12/4/2017 12:10:06 PM","Lockout","LASDC02"
"Guest","LASISE01","12/4/2017 12:13:26 AM","Lockout","LASDC02"
"ssadmnpri","LASSECSRV01","12/4/2017 12:24:12 PM","Lockout","LASDC01"
"SLeavitt.Advisor","DPC-19266","12/4/2017 12:27:12 PM","Lockout","LASDC02"
"wparrish","DPC-19738","12/4/2017 12:27:20 PM","Lockout","LASDC02"
"SNaqvi","DPC-18210","12/4/2017 12:28:08 PM","Lockout","LASDC01"
"SNaqvi","Unlocked By: WListon.Advisor","12/4/2017 12:29:14 PM","Unlock","LASDC02"
"wparrish","Unlocked By: kholmes.advisor","12/4/2017 12:30:08 PM","Unlock","LASDC01"
"Guest","LASISE01","12/4/2017 12:50:42 AM","Lockout","LASDC02"
"SLeavitt.Advisor","Unlocked By: JBourland.Advisor","12/4/2017 12:57:42 PM","Unlock","LASDC01"
"ssadmnpri","LASSECSRV01","12/4/2017 2:21:14 AM","Lockout","LASDC02"
"ssadmnpri","LASSECSRV01","12/4/2017 2:26:12 AM","Lockout","LASDC05"
"KMunusamy","DPC-20758","12/4/2017 2:33:46 PM","Lockout","LASDC02"
"KMunusamy","Unlocked By: ZBucci.Advisor","12/4/2017 2:35:21 PM","Unlock","LASDC02"
"mhowerton","LASSQL04N02","12/4/2017 2:40:30 PM","Lockout","LASDC02"
"ssadmnpri","LASSECSRV01","12/4/2017 2:46:15 PM","Lockout","LASDC05"
"GHarwood","Unlocked By: ZBucci.Advisor","12/4/2017 3:07:17 PM","Unlock","LASDC02"
"ssadmnpri","LASSECSRV01","12/4/2017 3:31:12 AM","Lockout","LASDC02"
"ssadmnpri","LASSECSRV01","12/4/2017 3:47:14 PM","Lockout","LASDC02"
"bjperna","DPC-19268","12/4/2017 4:15:52 PM","Lockout","LASDC02"
"tiwsmgr","LASTI02","12/4/2017 4:16:08 PM","Lockout","LASDC02"
"bjperna","Unlocked By: WListon.Advisor","12/4/2017 4:16:14 PM","Unlock","LASDC02"
"RWhitty","DPC-21241","12/4/2017 4:29:19 PM","Lockout","LASDC02"
"HPamarthi.Advisor","DPC-18564","12/4/2017 4:38:26 PM","Lockout","LASDC02"
"HPamarthi.Advisor","Unlocked By: WListon.Advisor","12/4/2017 4:41:56 PM","Unlock","LASDC02"
"RWhitty","Unlocked By: WListon.Advisor","12/4/2017 4:55:59 PM","Unlock","LASDC02"
"ssadmnpri","LASSECSRV01","12/4/2017 4:56:13 AM","Lockout","LASDC02"
"RWhitty","DPC-21241","12/4/2017 4:56:16 PM","Lockout","LASDC02"
"HPamarthi.Advisor","LASPEGASQL01","12/4/2017 5:00:00 AM","Lockout","LASDC02"
"HPamarthi.Advisor","LASPEGASQL01","12/4/2017 5:00:00 PM","Lockout","LASDC02"
"LJohnson","DPC-18495","12/4/2017 5:06:35 PM","Lockout","LASDC02"
"ssadmnpri","LASSECSRV01","12/4/2017 5:11:16 PM","Lockout","LASDC02"
"RWhitty","DPC-21241","12/4/2017 5:28:06 PM","Lockout","LASDC02"
"MOconner.Advisor","Unlocked By: MOconner.Advisor","12/4/2017 5:48:15 AM","Unlock","LASDC02"
"RWhitty","DPC-21241","12/4/2017 5:59:02 PM","Lockout","LASDC02"
"HPamarthi.Advisor","LASSQL03","12/4/2017 6:00:00 AM","Lockout","LASDC02"
"HPamarthi.Advisor","LASSQL03","12/4/2017 6:00:00 PM","Lockout","LASDC02"
"ssadmnpri","LASSECSRV01","12/4/2017 6:03:51 AM","Lockout","LASDC01"
"ssadmnpri","LASSECSRV01","12/4/2017 6:09:40 PM","Lockout","LASDC05"
"RWhitty","DPC-21241","12/4/2017 6:30:07 PM","Lockout","LASDC02"
"jnorton","DPC-17799","12/4/2017 6:48:41 AM","Lockout","LASDC02"
"jnorton","Unlocked By: Disacoff.Advisor","12/4/2017 6:50:39 AM","Unlock","LASDC02"
"RWhitty","DPC-21241","12/4/2017 7:01:44 PM","Lockout","LASDC02"
"MFarrar","DPC-20348","12/4/2017 7:05:24 AM","Lockout","LASDC02"
"MFarrar","Unlocked By: ZBucci.Advisor","12/4/2017 7:10:10 AM","Unlock","LASDC02"
"ssadmnpri","LASSECSRV01","12/4/2017 7:26:13 AM","Lockout","LASDC05"
"RWhitty","DPC-21241","12/4/2017 7:33:19 PM","Lockout","LASDC02"
"ssadmnpri","LASSECSRV01","12/4/2017 7:36:18 PM","Lockout","LASDC05"
"sbax","LASEXCH02","12/4/2017 7:47:55 PM","Lockout","LASDC02"
"selliott","DPC-18494","12/4/2017 7:57:17 AM","Lockout","LASDC02"
"selliott","Unlocked By: WListon.Advisor","12/4/2017 8:02:00 AM","Unlock","LASDC02"
"bawada","DPC-20719","12/4/2017 8:03:04 AM","Lockout","LASDC01"
"RWhitty","DPC-21241","12/4/2017 8:04:40 PM","Lockout","LASDC02"
"bawada","Unlocked By: Disacoff.Advisor","12/4/2017 8:14:43 AM","Unlock","LASDC02"
"Cserrano","DPC-20388","12/4/2017 8:23:14 AM","Lockout","LASDC02"
"Cserrano","Unlocked By: Disacoff.Advisor","12/4/2017 8:24:43 AM","Unlock","LASDC02"
"JKirkland","DPC-18555","12/4/2017 8:27:42 AM","Lockout","LASDC01"
"ssadmnpri","LASSECSRV01","12/4/2017 8:33:45 PM","Lockout","LASDC01"
"ssadmnpri","LASSECSRV01","12/4/2017 8:33:57 AM","Lockout","LASDC01"
"RWhitty","DPC-21241","12/4/2017 8:36:11 PM","Lockout","LASDC02"
"OIvanova","DPC-20338","12/4/2017 8:37:01 AM","Lockout","LASDC02"
"OIvanova","Unlocked By: Disacoff.Advisor","12/4/2017 8:37:39 AM","Unlock","LASDC02"
"JKirkland","Unlocked By: Disacoff.Advisor","12/4/2017 8:41:36 AM","Unlock","LASDC02"
"aortiz","DPC-17792","12/4/2017 8:55:32 AM","Lockout","LASDC02"
"aortiz","Unlocked By: Disacoff.Advisor","12/4/2017 8:59:40 AM","Unlock","LASDC02"
"RWhitty","DPC-21241","12/4/2017 9:07:24 PM","Lockout","LASDC02"
"raharper","DPC-19349","12/4/2017 9:21:57 AM","Lockout","LASDC01"
"COchieng","DPC-20883","12/4/2017 9:22:18 AM","Lockout","LASDC01"
"raharper","Unlocked By: WListon.Advisor","12/4/2017 9:29:01 AM","Unlock","LASDC02"
"COchieng","Unlocked By: Disacoff.Advisor","12/4/2017 9:30:14 AM","Unlock","LASDC02"
"RWhitty","DPC-21241","12/4/2017 9:38:17 PM","Lockout","LASDC02"
"ssadmnpri","LASSECSRV01","12/4/2017 9:56:14 AM","Lockout","LASDC05"
"ssadmnpri","LASSECSRV01","12/4/2017 9:56:17 PM","Lockout","LASDC05"
"kirish","DPC-20872","12/5/2017 1:05:38 PM","Lockout","LASDC01"
"jdebaun","DPC-20885","12/5/2017 1:05:54 PM","Lockout","LASDC02"
"kirish","Unlocked By: WListon.Advisor","12/5/2017 1:09:08 PM","Unlock","LASDC02"
"jdebaun","Unlocked By: RPreta.Advisor","12/5/2017 1:15:53 PM","Unlock","LASDC02"
"RWhitty","DPC-21241","12/5/2017 1:17:48 AM","Lockout","LASDC02"
"ssadmnpri","LASSECSRV01","12/5/2017 1:21:47 AM","Lockout","LASDC01"
"ssadmnpri","LASSECSRV01","12/5/2017 1:21:50 PM","Lockout","LASDC01"
"DPaquette","DPC-21211","12/5/2017 1:35:40 PM","Lockout","LASDC02"
"DPaquette","Unlocked By: RPreta.Advisor","12/5/2017 1:41:30 PM","Unlock","LASDC02"
"RWhitty","DPC-21241","12/5/2017 1:49:05 AM","Lockout","LASDC02"
"HPamarthi","LASSQLTST03","12/5/2017 1:58:50 PM","Lockout","LASDC02"
"bwayland","","12/5/2017 10:13:27 PM","Lockout","LASDC02"
"SRajabaskaran","VDI-60039","12/5/2017 10:23:09 AM","Lockout","LASDC01"
"HPamarthi.Advisor","LASPEGASQL01","12/5/2017 10:30:19 AM","Lockout","LASDC02"
"bwayland","Unlocked By: SGrosman.Advisor","12/5/2017 10:37:24 PM","Unlock","LASDC01"
"ssadmnpri","LASSECSRV01","12/5/2017 10:58:51 AM","Lockout","LASDC01"
"ssadmnpri","LASSECSRV01","12/5/2017 10:59:26 PM","Lockout","LASDC02"
"DPaquette","DPC-21211","12/5/2017 10:59:43 AM","Lockout","LASDC02"
"HPamarthi.Advisor","LASPEGASQL01","12/5/2017 11:00:00 PM","Lockout","LASDC02"
"ssadmnpri","LASSECSRV01","12/5/2017 11:01:23 PM","Lockout","LASDC05"
"rnarayanan","LASSQL04N02","12/5/2017 11:06:31 AM","Lockout","LASDC02"
"DPaquette","Unlocked By: WListon.Advisor","12/5/2017 11:13:38 AM","Unlock","LASDC02"
"rnarayanan","Unlocked By: Disacoff.Advisor","12/5/2017 11:15:36 AM","Unlock","LASDC02"
"aortiz","DPC-17792","12/5/2017 11:22:54 AM","Lockout","LASDC02"
"aortiz","Unlocked By: Disacoff.Advisor","12/5/2017 11:26:43 AM","Unlock","LASDC02"
"jbarrales","DPC-18202","12/5/2017 11:52:20 AM","Lockout","LASDC02"
"jbarrales","Unlocked By: WListon.Advisor","12/5/2017 11:53:01 AM","Unlock","LASDC02"
"HPamarthi.Advisor","LASPEGASQL01","12/5/2017 12:00:00 AM","Lockout","LASDC02"
"HPamarthi.Advisor","LASSQL03","12/5/2017 12:00:00 AM","Lockout","LASDC02"
"HPamarthi.Advisor","LASETL04","12/5/2017 12:00:00 PM","Lockout","LASDC02"
"HPamarthi.Advisor","LASPEGASQL01","12/5/2017 12:00:00 PM","Lockout","LASDC01"
"RWhitty","DPC-21241","12/5/2017 12:14:41 AM","Lockout","LASDC02"
"Guest","LASISE01","12/5/2017 12:26:59 AM","Lockout","LASDC02"
"ssadmnpri","LASSECSRV01","12/5/2017 12:35:04 AM","Lockout","LASDC05"
"ssadmnpri","LASSECSRV01","12/5/2017 12:45:57 PM","Lockout","LASDC05"
"RWhitty","DPC-21241","12/5/2017 12:46:16 AM","Lockout","LASDC02"
"CCullors","DPC-20363","12/5/2017 2:06:12 PM","Lockout","LASDC01"
"DPaquette","DPC-21211","12/5/2017 2:07:42 PM","Lockout","LASDC02"
"DPaquette","Unlocked By: WListon.Advisor","12/5/2017 2:08:03 PM","Unlock","LASDC02"
"CCullors","Unlocked By: WListon.Advisor","12/5/2017 2:10:29 PM","Unlock","LASDC02"
"HPamarthi","Unlocked By: WListon.Advisor","12/5/2017 2:12:04 PM","Unlock","LASDC02"
"RWhitty","DPC-21241","12/5/2017 2:20:09 AM","Lockout","LASDC02"
"ACatmull","DPC-20496","12/5/2017 2:39:56 PM","Lockout","LASDC02"
"ssadmnpri","LASSECSRV01","12/5/2017 2:46:20 AM","Lockout","LASDC05"
"ssadmnpri","LASSECSRV01","12/5/2017 2:47:46 PM","Lockout","LASDC02"
"ACatmull","Unlocked By: kholmes.advisor","12/5/2017 2:49:15 PM","Unlock","LASDC01"
"RWhitty","DPC-21241","12/5/2017 2:51:24 AM","Lockout","LASDC02"
"RWhitty","DPC-21241","12/5/2017 3:22:29 AM","Lockout","LASDC02"
"aortiz","DPC-17792","12/5/2017 3:31:00 PM","Lockout","LASDC02"
"aortiz","Unlocked By: lprobst.advisor","12/5/2017 3:32:43 PM","Unlock","LASDC01"
"ssadmnpri","LASSECSRV01","12/5/2017 3:46:18 AM","Lockout","LASDC02"
"ssadmnpri","LASSECSRV01","12/5/2017 3:46:42 PM","Lockout","LASDC02"
"RWhitty","DPC-21241","12/5/2017 3:54:02 AM","Lockout","LASDC02"
"RWhitty","DPC-21241","12/5/2017 4:25:15 AM","Lockout","LASDC02"
"RWhitty","DPC-21241","12/5/2017 4:56:28 AM","Lockout","LASDC02"
"HPamarthi.Advisor","LASPEGASQL01","12/5/2017 5:00:00 AM","Lockout","LASDC02"
"HPamarthi.Advisor","LASPEGASQL01","12/5/2017 5:00:00 PM","Lockout","LASDC02"
"ssadmnpri","LASSECSRV01","12/5/2017 5:11:21 AM","Lockout","LASDC05"
"ssadmnpri","LASSECSRV01","12/5/2017 5:11:24 PM","Lockout","LASDC05"
"RWhitty","DPC-21241","12/5/2017 5:27:55 AM","Lockout","LASDC02"
"tiwsmgr","LASTI02","12/5/2017 5:33:21 PM","Lockout","LASDC02"
"MSasser","DPC-17790","12/5/2017 5:56:44 AM","Lockout","LASDC02"
"MSasser","Unlocked By: SGrosman.Advisor","12/5/2017 5:58:46 AM","Unlock","LASDC01"
"RWhitty","DPC-21241","12/5/2017 5:59:23 AM","Lockout","LASDC02"
"HPamarthi.Advisor","LASETL04","12/5/2017 6:00:00 AM","Lockout","LASDC02"
"HPamarthi.Advisor","LASSQL03","12/5/2017 6:00:00 PM","Lockout","LASDC02"
"ssadmnpri","LASSECSRV01","12/5/2017 6:09:24 AM","Lockout","LASDC01"
"ssadmnpri","LASSECSRV01","12/5/2017 6:10:11 PM","Lockout","LASDC01"
"RWhitty","DPC-21241","12/5/2017 6:30:30 AM","Lockout","LASDC02"
"ssadmnpri","LASSECSRV01","12/5/2017 6:40:31 AM","Lockout","LASDC05"
"DPaquette","DPC-21211","12/5/2017 7:01:05 AM","Lockout","LASDC01"
"RWhitty","DPC-21241","12/5/2017 7:01:45 AM","Lockout","LASDC02"
"DPaquette","Unlocked By: Disacoff.Advisor","12/5/2017 7:03:05 AM","Unlock","LASDC02"
"Disacoff","DPC-17753","12/5/2017 7:16:32 PM","Lockout","LASDC02"
"Disacoff","Unlocked By: RPreta.Advisor","12/5/2017 7:17:56 PM","Unlock","LASDC02"
"RWhitty","Unlocked By: Disacoff.Advisor","12/5/2017 7:27:30 AM","Unlock","LASDC02"
"RWhitty","DPC-21241","12/5/2017 7:27:45 AM","Lockout","LASDC01"
"RWhitty","Unlocked By: Disacoff.Advisor","12/5/2017 7:34:55 AM","Unlock","LASDC02"
"RWhitty","DPC-21241","12/5/2017 7:35:01 AM","Lockout","LASDC02"
"RWhitty","Unlocked By: Disacoff.Advisor","12/5/2017 7:35:20 AM","Unlock","LASDC02"
"RWhitty","DPC-21241","12/5/2017 7:36:18 AM","Lockout","LASDC02"
"ssadmnpri","LASSECSRV01","12/5/2017 7:36:24 PM","Lockout","LASDC02"
"RWhitty","Unlocked By: Disacoff.Advisor","12/5/2017 7:39:00 AM","Unlock","LASDC02"
"ssadmnpri","LASSECSRV01","12/5/2017 7:41:26 AM","Lockout","LASDC05"
"dchao","DPC-19456","12/5/2017 8:00:15 AM","Lockout","LASDC01"
"dchao","Unlocked By: Disacoff.Advisor","12/5/2017 8:13:30 AM","Unlock","LASDC02"
"ssadmnpri","LASSECSRV01","12/5/2017 8:33:45 AM","Lockout","LASDC01"
"ssadmnpri","LASSECSRV01","12/5/2017 8:34:06 PM","Lockout","LASDC01"
"DPaquette","DPC-21211","12/5/2017 8:38:32 AM","Lockout","LASDC02"
"DPaquette","Unlocked By: WListon.Advisor","12/5/2017 8:39:22 AM","Unlock","LASDC02"
"PHarvey","DPC-20783","12/5/2017 8:56:07 AM","Lockout","LASDC02"
"JFrost","Unlocked By: Disacoff.Advisor","12/5/2017 8:57:04 AM","Unlock","LASDC02"
"PHarvey","Unlocked By: WListon.Advisor","12/5/2017 8:58:27 AM","Unlock","LASDC02"
"ssadmnpri","LASSECSRV01","12/5/2017 9:56:20 AM","Lockout","LASDC05"
"ssadmnpri","LASSECSRV01","12/5/2017 9:56:23 PM","Lockout","LASDC05"
"kmerritt","DPC-21232","12/6/2017 1:00:11 PM","Lockout","LASDC02"
"ssadmnpri","LASSECSRV01","12/6/2017 1:21:58 AM","Lockout","LASDC01"
"ssadmnpri","LASSECSRV01","12/6/2017 1:22:02 PM","Lockout","LASDC01"
"kmerritt","DPC-21232","12/6/2017 1:34:07 PM","Lockout","LASDC02"
"asimmons","DPC-18770","12/6/2017 1:47:39 PM","Lockout","LASDC02"
"ssadmnpri","LASSECSRV01","12/6/2017 10:04:55 AM","Lockout","LASDC05"
"bawada","DPC-20719","12/6/2017 10:09:30 AM","Lockout","LASDC02"
"HPamarthi.Advisor","LASPEGASQL01","12/6/2017 10:30:19 AM","Lockout","LASDC02"
"ssadmnpri","LASSECSRV01","12/6/2017 10:57:54 AM","Lockout","LASDC01"
"ssadmnpri","LASSECSRV01","12/6/2017 10:59:46 PM","Lockout","LASDC02"
"HPamarthi.Advisor","LASPEGASQL01","12/6/2017 10:59:59 PM","Lockout","LASDC02"
"RMoreno","DPC-20010","12/6/2017 11:32:22 AM","Lockout","LASDC02"
"kmerritt","DPC-21232","12/6/2017 11:46:02 AM","Lockout","LASDC02"
"RMoreno","Unlocked By: Disacoff.Advisor","12/6/2017 11:51:18 AM","Unlock","LASDC02"
"HPamarthi.Advisor","LASETL04","12/6/2017 11:59:59 PM","Lockout","LASDC02"
"HPamarthi.Advisor","LASSQL03","12/6/2017 11:59:59 PM","Lockout","LASDC01"
"HPamarthi.Advisor","LASSQL03","12/6/2017 12:00:00 AM","Lockout","LASDC02"
"HPamarthi.Advisor","LASPEGASQL01","12/6/2017 12:00:00 PM","Lockout","LASDC01"
"HPamarthi.Advisor","LASSQL03","12/6/2017 12:00:00 PM","Lockout","LASDC02"
"aakhtar","LASDC01","12/6/2017 12:03:49 PM","Lockout","LASDC01"
"aakhtar","Unlocked By: WListon.Advisor","12/6/2017 12:13:58 PM","Unlock","LASDC02"
"ssadmnpri","LASSECSRV01","12/6/2017 12:16:28 PM","Lockout","LASDC02"
"ssadmnpri","LASSECSRV01","12/6/2017 12:21:24 AM","Lockout","LASDC05"
"RDeJong","LASEXCH02","12/6/2017 12:27:46 AM","Lockout","LASDC02"
"asimmons","Unlocked By: Disacoff.Advisor","12/6/2017 2:04:08 PM","Unlock","LASDC02"
"mgutman","","12/6/2017 2:14:07 PM","Lockout","LASDC01"
"mgutman","Unlocked By: Disacoff.Advisor","12/6/2017 2:22:59 PM","Unlock","LASDC02"
"vbell","DPC-20901","12/6/2017 2:42:32 PM","Lockout","LASDC02"
"vbell","Unlocked By: kholmes.advisor","12/6/2017 2:43:09 PM","Unlock","LASDC01"
"HPamarthi","LASSQL02N06","12/6/2017 2:53:41 AM","Lockout","LASDC01"
"ssadmnpri","LASSECSRV01","12/6/2017 2:58:37 AM","Lockout","LASDC01"
"ssadmnpri","LASSECSRV01","12/6/2017 3:09:33 PM","Lockout","LASDC05"
"ssadmnpri","LASSECSRV01","12/6/2017 3:45:59 PM","Lockout","LASDC02"
"ssadmnpri","LASSECSRV01","12/6/2017 3:46:13 AM","Lockout","LASDC01"
"HPamarthi","LASSQLTST03","12/6/2017 4:31:56 AM","Lockout","LASDC02"
"HPamarthi.Advisor","LASPEGASQL01","12/6/2017 5:00:00 AM","Lockout","LASDC02"
"HPamarthi.Advisor","LASPEGASQL01","12/6/2017 5:00:00 PM","Lockout","LASDC02"
"RWilliams","DPC-21244","12/6/2017 5:03:52 AM","Lockout","LASDC01"
"ssadmnpri","LASSECSRV01","12/6/2017 5:11:26 AM","Lockout","LASDC02"
"ssadmnpri","LASSECSRV01","12/6/2017 5:11:29 PM","Lockout","LASDC05"
"RWilliams","Unlocked By: cdavis.advisor","12/6/2017 5:24:36 AM","Unlock","LASDC01"
"mcluck","DPC-20384","12/6/2017 5:56:42 AM","Lockout","LASDC02"
"mcluck","Unlocked By: MOconner.Advisor","12/6/2017 5:59:44 AM","Unlock","LASDC02"
"HPamarthi.Advisor","LASETL04","12/6/2017 6:00:00 AM","Lockout","LASDC02"
"HPamarthi.Advisor","LASPEGASQL01","12/6/2017 6:00:00 AM","Lockout","LASDC01"
"HPamarthi.Advisor","LASSQL03","12/6/2017 6:00:00 PM","Lockout","LASDC02"
"ssadmnpri","LASSECSRV01","12/6/2017 6:09:34 PM","Lockout","LASDC02"
"ssadmnpri","LASSECSRV01","12/6/2017 6:10:36 AM","Lockout","LASDC01"
"HPamarthi","LASSQL02N06","12/6/2017 6:25:43 AM","Lockout","LASDC02"
"SNaqvi","DPC-18210","12/6/2017 6:39:51 AM","Lockout","LASDC02"
"tiwsmgr","LASTI02","12/6/2017 6:50:35 PM","Lockout","LASDC02"
"SNaqvi","Unlocked By: MOconner.Advisor","12/6/2017 6:50:44 AM","Unlock","LASDC02"
"nsolomon","DPC-20820","12/6/2017 6:59:43 AM","Lockout","LASDC02"
"KWeaver","DPC-20371","12/6/2017 7:10:18 AM","Lockout","LASDC02"
"Disacoff","Unlocked By: Disacoff.Advisor","12/6/2017 7:16:44 AM","Unlock","LASDC02"
"sharrison","DPC-20373","12/6/2017 7:17:08 AM","Lockout","LASDC02"
"KWeaver","Unlocked By: Disacoff.Advisor","12/6/2017 7:18:05 AM","Unlock","LASDC02"
"sharrison","Unlocked By: Disacoff.Advisor","12/6/2017 7:21:49 AM","Unlock","LASDC02"
"ssadmnpri","LASSECSRV01","12/6/2017 7:31:25 AM","Lockout","LASDC02"
"ssadmnpri","LASSECSRV01","12/6/2017 7:31:28 PM","Lockout","LASDC02"
"HPamarthi","LASSQL02N06","12/6/2017 8:17:43 AM","Lockout","LASDC02"
"ssadmnpri","LASSECSRV01","12/6/2017 8:33:49 PM","Lockout","LASDC01"
"ssadmnpri","LASSECSRV01","12/6/2017 8:34:29 AM","Lockout","LASDC01"
"HPamarthi","Unlocked By: WListon.Advisor","12/6/2017 8:45:45 AM","Unlock","LASDC02"
"bawada","DPC-20719","12/6/2017 9:28:20 AM","Lockout","LASDC02"
"bawada","Unlocked By: Disacoff.Advisor","12/6/2017 9:36:13 AM","Unlock","LASDC02"
"ssadmnpri","LASSECSRV01","12/6/2017 9:56:29 PM","Lockout","LASDC02"
"Guest","LASISE01","12/7/2017 1:08:34 AM","Lockout","LASDC02"
"ssadmnpri","LASSECSRV01","12/7/2017 1:22:27 AM","Lockout","LASDC02"
"ssadmnpri","LASSECSRV01","12/7/2017 1:22:29 PM","Lockout","LASDC02"
"ethomas","DPC-17785","12/7/2017 1:29:04 PM","Lockout","LASDC02"
"ethomas","Unlocked By: WListon.Advisor","12/7/2017 1:37:08 PM","Unlock","LASDC02"
"Guest","LASISE01","12/7/2017 1:56:08 AM","Lockout","LASDC02"
"bawada","DPC-20719","12/7/2017 1:57:40 PM","Lockout","LASDC02"
"bawada","Unlocked By: ZBucci.Advisor","12/7/2017 1:58:21 PM","Unlock","LASDC02"
"aortiz","DPC-17792","12/7/2017 10:18:40 AM","Lockout","LASDC02"
"aortiz","Unlocked By: WListon.Advisor","12/7/2017 10:23:11 AM","Unlock","LASDC02"
"HPamarthi.Advisor","LASPEGASQL01","12/7/2017 10:30:16 AM","Lockout","LASDC02"
"HPamarthi.Advisor","LASPEGASQL01","12/7/2017 11:00:00 PM","Lockout","LASDC02"
"ssadmnpri","LASSECSRV01","12/7/2017 11:00:10 AM","Lockout","LASDC02"
"HPamarthi.Advisor","LASSQL03","12/7/2017 12:00:00 PM","Lockout","LASDC02"
"ssadmnpri","LASSECSRV01","12/7/2017 12:17:40 AM","Lockout","LASDC02"
"RWalker","DPC-20866","12/7/2017 12:19:11 PM","Lockout","LASDC02"
"RWalker","Unlocked By: Disacoff.Advisor","12/7/2017 12:19:50 PM","Unlock","LASDC02"
"ssadmnpri","LASSECSRV01","12/7/2017 12:21:32 PM","Lockout","LASDC02"
"ssadmnpri","LASSECSRV01","12/7/2017 12:29:01 PM","Lockout","LASDC05"
"tjervis","DPC-20803","12/7/2017 12:32:28 PM","Lockout","LASDC01"
"OIvanova","DPC-20338","12/7/2017 2:04:51 PM","Lockout","LASDC02"
"swagner","DPC-18764","12/7/2017 2:13:30 PM","Lockout","LASDC02"
"swagner","Unlocked By: WListon.Advisor","12/7/2017 2:27:45 PM","Unlock","LASDC02"
"HPamarthi","LASAS03","12/7/2017 2:32:32 PM","Lockout","LASDC02"
"ssadmnpri","LASSECSRV01","12/7/2017 2:41:31 AM","Lockout","LASDC02"
"ssadmnpri","LASSECSRV01","12/7/2017 2:41:34 PM","Lockout","LASDC02"
"ssadmnpri","LASSECSRV01","12/7/2017 2:46:29 AM","Lockout","LASDC05"
"ssadmnpri","LASSECSRV01","12/7/2017 2:46:32 PM","Lockout","LASDC05"
"HPamarthi","Unlocked By: Disacoff.Advisor","12/7/2017 2:56:22 PM","Unlock","LASDC02"
"HPamarthi","LASAS03","12/7/2017 2:57:32 PM","Lockout","LASDC02"
"HPamarthi","Unlocked By: Disacoff.Advisor","12/7/2017 2:59:00 PM","Unlock","LASDC02"
"HPamarthi","LASAS03","12/7/2017 3:02:34 PM","Lockout","LASDC02"
"Guest","LASISE01","12/7/2017 3:08:37 AM","Lockout","LASDC02"
"ethomas","DPC-17785","12/7/2017 3:11:36 PM","Lockout","LASDC02"
"ethomas","Unlocked By: Disacoff.Advisor","12/7/2017 3:16:22 PM","Unlock","LASDC02"
"DRoth","DPC-20338","12/7/2017 3:21:37 PM","Lockout","LASDC02"
"DRoth","Unlocked By: Disacoff.Advisor","12/7/2017 3:22:39 PM","Unlock","LASDC02"
"HPamarthi","LASAS03","12/7/2017 3:32:34 PM","Lockout","LASDC02"
"capsystest","VDI-60034","12/7/2017 3:36:52 PM","Lockout","LASDC02"
"ssadmnpri","LASSECSRV01","12/7/2017 3:45:33 PM","Lockout","LASDC02"
"ssadmnpri","LASSECSRV01","12/7/2017 3:46:33 AM","Lockout","LASDC01"
"capsystest","Unlocked By: Disacoff.Advisor","12/7/2017 3:49:02 PM","Unlock","LASDC02"
"capsystest","VDI-60034","12/7/2017 3:51:21 PM","Lockout","LASDC02"
"HPamarthi","Unlocked By: Disacoff.Advisor","12/7/2017 4:00:26 PM","Unlock","LASDC02"
"HPamarthi","LASAS03","12/7/2017 4:02:32 PM","Lockout","LASDC02"
"HPamarthi","Unlocked By: Disacoff.Advisor","12/7/2017 4:05:56 PM","Unlock","LASDC02"
"HPamarthi","LASAS03","12/7/2017 4:07:32 PM","Lockout","LASDC02"
"HPamarthi","Unlocked By: Disacoff.Advisor","12/7/2017 4:09:15 PM","Unlock","LASDC02"
"HPamarthi","LASAS03","12/7/2017 4:12:32 PM","Lockout","LASDC02"
"HPamarthi","Unlocked By: Disacoff.Advisor","12/7/2017 4:12:47 PM","Unlock","LASDC02"
"HPamarthi","LASAS03","12/7/2017 4:17:34 PM","Lockout","LASDC02"
"HPamarthi","Unlocked By: Disacoff.Advisor","12/7/2017 4:26:14 PM","Unlock","LASDC02"
"HPamarthi","LASAS03","12/7/2017 4:27:32 PM","Lockout","LASDC02"
"HPamarthi","Unlocked By: Disacoff.Advisor","12/7/2017 4:31:38 PM","Unlock","LASDC02"
"HPamarthi","LASAS03","12/7/2017 4:32:32 PM","Lockout","LASDC02"
"KMunusamy","DPC-20758","12/7/2017 4:46:10 PM","Lockout","LASDC02"
"HPamarthi","Unlocked By: ZBucci.Advisor","12/7/2017 4:46:20 PM","Unlock","LASDC02"
"KMunusamy","Unlocked By: ZBucci.Advisor","12/7/2017 4:47:12 PM","Unlock","LASDC02"
"HPamarthi.Advisor","LASPEGASQL01","12/7/2017 5:00:00 AM","Lockout","LASDC02"
"HPamarthi.Advisor","LASPEGASQL01","12/7/2017 5:00:00 PM","Lockout","LASDC02"
"HPamarthi.Advisor","Unlocked By: WListon.Advisor","12/7/2017 5:05:02 PM","Unlock","LASDC02"
"kholmes","DPC-18549","12/7/2017 5:07:48 PM","Lockout","LASDC02"
"kholmes","Unlocked By: RPreta.Advisor","12/7/2017 5:08:34 PM","Unlock","LASDC02"
"ssadmnpri","LASSECSRV01","12/7/2017 5:11:31 AM","Lockout","LASDC02"
"ssadmnpri","LASSECSRV01","12/7/2017 5:11:34 PM","Lockout","LASDC02"
"HPamarthi","LASSQLTST03","12/7/2017 5:53:14 PM","Lockout","LASDC02"
"ethomas","DPC-17785","12/7/2017 5:58:50 AM","Lockout","LASDC02"
"HPamarthi.Advisor","LASETL04","12/7/2017 5:59:59 AM","Lockout","LASDC02"
"HPamarthi.Advisor","LASSQL03","12/7/2017 6:00:00 PM","Lockout","LASDC02"
"ethomas","Unlocked By: MOconner.Advisor","12/7/2017 6:06:34 AM","Unlock","LASDC02"
"ssadmnpri","LASSECSRV01","12/7/2017 6:10:36 AM","Lockout","LASDC02"
"SDaniels","DPC-20379","12/7/2017 6:21:37 AM","Lockout","LASDC02"
"SDaniels","Unlocked By: ZBucci.Advisor","12/7/2017 6:29:10 AM","Unlock","LASDC02"
"SRivera","DPC-18217","12/7/2017 7:14:39 AM","Lockout","LASDC02"
"SRivera","Unlocked By: Disacoff.Advisor","12/7/2017 7:16:55 AM","Unlock","LASDC02"
"ssadmnpri","LASSECSRV01","12/7/2017 7:36:32 AM","Lockout","LASDC05"
"tjervis","LASPRINT02","12/7/2017 7:38:00 AM","Lockout","LASDC02"
"MTaranto.Advisor","DPC-19345","12/7/2017 8:00:17 PM","Lockout","LASDC02"
"Disacoff","DPC-17755","12/7/2017 8:14:51 PM","Lockout","LASDC02"
"Disacoff","Unlocked By: RPreta.Advisor","12/7/2017 8:15:36 PM","Unlock","LASDC02"
"AWagner","","12/7/2017 8:26:31 AM","Lockout","LASDC02"
"ssadmnpri","LASSECSRV01","12/7/2017 8:34:22 AM","Lockout","LASDC02"
"cknight","DPC-19856","12/7/2017 8:46:45 AM","Lockout","LASDC02"
"cknight","Unlocked By: WListon.Advisor","12/7/2017 8:48:42 AM","Unlock","LASDC02"
"ssadmnpri","LASSECSRV01","12/7/2017 9:51:32 AM","Lockout","LASDC02"
"ssadmnpri","LASSECSRV01","12/7/2017 9:56:31 AM","Lockout","LASDC05"
"aeufemio","DPC-20747","12/8/2017 1:09:17 PM","Lockout","LASDC01"
"RDeJong","LASEXCH03","12/8/2017 1:28:33 PM","Lockout","LASDC02"
"aeufemio","Unlocked By: SHinds.Advisor","12/8/2017 1:31:03 PM","Unlock","LASDC02"
"svcETLAdmin","DPC-19321","12/8/2017 1:40:30 PM","Lockout","LASDC02"
"Guest","LASISE01","12/8/2017 1:41:50 AM","Lockout","LASDC02"
"TReynolds","DPC-20491","12/8/2017 10:19:02 AM","Lockout","LASDC01"
"TReynolds","Unlocked By: Disacoff.Advisor","12/8/2017 10:19:46 AM","Unlock","LASDC02"
"HPamarthi.Advisor","LASPEGASQL01","12/8/2017 10:30:19 AM","Lockout","LASDC02"
"allmason","DPC-20494","12/8/2017 10:38:15 AM","Lockout","LASDC02"
"ssadmnpri","LASSECSRV01","12/8/2017 10:40:19 PM","Lockout","LASDC01"
"allmason","Unlocked By: Disacoff.Advisor","12/8/2017 10:45:25 AM","Unlock","LASDC02"
"HPamarthi.Advisor","LASPEGASQL01","12/8/2017 11:00:00 PM","Lockout","LASDC02"
"mtaranto","DPC-19345","12/8/2017 11:10:20 AM","Lockout","LASDC02"
"mtaranto","Unlocked By: MTaranto.Advisor","12/8/2017 11:13:05 AM","Unlock","LASDC01"
"ssadmnpri","LASSECSRV01","12/8/2017 11:57:44 AM","Lockout","LASDC02"
"HPamarthi.Advisor","LASSQL03","12/8/2017 12:00:00 AM","Lockout","LASDC02"
"HPamarthi.Advisor","LASSQL03","12/8/2017 12:00:00 PM","Lockout","LASDC02"
"JHollingworth","Unlocked By: JPrahm","12/8/2017 12:53:37 PM","Unlock","LASDC02"
"ssadmnpri","LASSECSRV01","12/8/2017 12:57:43 PM","Lockout","LASDC02"
"KMunusamy","DPC-20758","12/8/2017 12:58:14 PM","Lockout","LASDC02"
"PMunuswamy","Unlocked By: JPrahm","12/8/2017 12:59:09 PM","Unlock","LASDC02"
"KMunusamy","Unlocked By: JPrahm","12/8/2017 12:59:49 PM","Unlock","LASDC02"
"DPaquette","DPC-21211","12/8/2017 2:00:04 PM","Lockout","LASDC02"
"DPaquette","Unlocked By: Disacoff.Advisor","12/8/2017 2:03:05 PM","Unlock","LASDC02"
"Guest","LASISE01","12/8/2017 2:46:52 AM","Lockout","LASDC02"
"ssadmnpri","LASSECSRV01","12/8/2017 2:50:27 PM","Lockout","LASDC05"
"ssadmnpri","LASSECSRV01","12/8/2017 3:28:32 PM","Lockout","LASDC01"
"jkwon","LASSQL02N06","12/8/2017 4:12:24 PM","Lockout","LASDC02"
"ajennings","DPC-20787","12/8/2017 4:51:20 AM","Lockout","LASDC02"
"ssadmnpri","LASSECSRV01","12/8/2017 4:52:43 PM","Lockout","LASDC01"
"ajennings","Unlocked By: SJordan.Advisor","12/8/2017 4:56:20 AM","Unlock","LASDC01"
"HPamarthi.Advisor","LASPEGASQL01","12/8/2017 5:00:00 AM","Lockout","LASDC02"
"HPamarthi.Advisor","LASPEGASQL01","12/8/2017 5:00:00 PM","Lockout","LASDC02"
"Scolich","DPC-18207","12/8/2017 5:01:04 PM","Lockout","LASDC02"
"Scolich","Unlocked By: JPrahm","12/8/2017 5:02:26 PM","Unlock","LASDC01"
"rnarayanan","LASSQL04N01","12/8/2017 5:42:13 PM","Lockout","LASDC02"
"ssadmnpri","LASSECSRV01","12/8/2017 5:52:15 PM","Lockout","LASDC01"
"DPaquette","DPC-21211","12/8/2017 5:59:42 AM","Lockout","LASDC02"
"HPamarthi.Advisor","LASSQL03","12/8/2017 6:00:00 AM","Lockout","LASDC02"
"HPamarthi.Advisor","LASSQL03","12/8/2017 6:00:00 PM","Lockout","LASDC02"
"DPaquette","Unlocked By: MOconner.Advisor","12/8/2017 6:11:23 AM","Unlock","LASDC02"
"ssadmnpri","LASSECSRV01","12/8/2017 7:07:46 PM","Lockout","LASDC05"
"ethomas","DPC-17785","12/8/2017 7:50:07 AM","Lockout","LASDC02"
"ethomas","Unlocked By: Disacoff.Advisor","12/8/2017 7:52:41 AM","Unlock","LASDC02"
"RDeJong","DPC-20902","12/8/2017 7:55:49 AM","Lockout","LASDC02"
"RDeJong","Unlocked By: Disacoff.Advisor","12/8/2017 7:56:28 AM","Unlock","LASDC02"
"ssadmnpri","LASSECSRV01","12/8/2017 8:16:32 PM","Lockout","LASDC01"
"tiwsmgr","LASTI02","12/8/2017 9:24:48 PM","Lockout","LASDC02"
"DPaquette","DPC-21211","12/8/2017 9:25:10 AM","Lockout","LASDC02"
"DPaquette","Unlocked By: Disacoff.Advisor","12/8/2017 9:28:52 AM","Unlock","LASDC02"
"ssadmnpri","LASSECSRV01","12/8/2017 9:56:51 PM","Lockout","LASDC05"
"ssadmnpri","LASSECSRV01","12/9/2017 1:04:30 AM","Lockout","LASDC01"
"ssadmnpri","LASSECSRV01","12/9/2017 1:22:01 PM","Lockout","LASDC01"
"ssadmnpri","LASSECSRV01","12/9/2017 10:07:43 AM","Lockout","LASDC05"
"ssadmnpri","LASSECSRV01","12/9/2017 10:18:25 PM","Lockout","LASDC05"
"HPamarthi.Advisor","LASPEGASQL01","12/9/2017 10:30:19 AM","Lockout","LASDC02"
"tiwsmgr","LASTI02","12/9/2017 10:41:07 PM","Lockout","LASDC02"
"ssadmnpri","LASSECSRV01","12/9/2017 10:52:49 AM","Lockout","LASDC05"
"ssadmnpri","LASSECSRV01","12/9/2017 10:58:12 PM","Lockout","LASDC01"
"HPamarthi.Advisor","LASPEGASQL01","12/9/2017 11:00:00 PM","Lockout","LASDC02"
"HPamarthi.Advisor","LASSQL03","12/9/2017 12:00:00 AM","Lockout","LASDC02"
"HPamarthi.Advisor","LASSQL03","12/9/2017 12:00:00 PM","Lockout","LASDC02"
"ssadmnpri","LASSECSRV01","12/9/2017 12:02:45 AM","Lockout","LASDC05"
"ssadmnpri","LASSECSRV01","12/9/2017 12:17:50 PM","Lockout","LASDC05"
"ssadmnpri","LASSECSRV01","12/9/2017 2:27:46 AM","Lockout","LASDC05"
"ssadmnpri","LASSECSRV01","12/9/2017 2:42:49 PM","Lockout","LASDC05"
"ssadmnpri","LASSECSRV01","12/9/2017 3:29:24 AM","Lockout","LASDC01"
"ssadmnpri","LASSECSRV01","12/9/2017 3:46:26 PM","Lockout","LASDC02"
"HPamarthi.Advisor","LASPEGASQL01","12/9/2017 5:00:00 AM","Lockout","LASDC02"
"HPamarthi.Advisor","LASPEGASQL01","12/9/2017 5:00:00 PM","Lockout","LASDC02"
"ssadmnpri","LASSECSRV01","12/9/2017 5:03:16 AM","Lockout","LASDC05"
"ssadmnpri","LASSECSRV01","12/9/2017 5:13:57 PM","Lockout","LASDC05"
"ssadmnpri","LASSECSRV01","12/9/2017 5:58:57 AM","Lockout","LASDC01"
"HPamarthi.Advisor","LASPEGASQL01","12/9/2017 6:00:00 AM","Lockout","LASDC01"
"HPamarthi.Advisor","LASSQL03","12/9/2017 6:00:00 AM","Lockout","LASDC02"
"HPamarthi.Advisor","LASSQL03","12/9/2017 6:00:00 PM","Lockout","LASDC02"
"ssadmnpri","LASSECSRV01","12/9/2017 6:10:19 PM","Lockout","LASDC01"
"Guest","LASISE01","12/9/2017 6:19:12 AM","Lockout","LASDC02"
"ssadmnpri","LASSECSRV01","12/9/2017 7:27:49 AM","Lockout","LASDC05"
"ssadmnpri","LASSECSRV01","12/9/2017 7:32:50 PM","Lockout","LASDC05"
"ssadmnpri","LASSECSRV01","12/9/2017 8:28:29 AM","Lockout","LASDC01"
"ssadmnpri","LASSECSRV01","12/9/2017 8:34:03 PM","Lockout","LASDC01"
"ethomas","DPC-17785","12/9/2017 8:58:00 AM","Lockout","LASDC02"
"ethomas","Unlocked By: MOconner.Advisor","12/9/2017 9:00:54 AM","Unlock","LASDC02"
