Friday, December 22, 2017 3:44:01 PM,56,57,4
Friday, December 22, 2017 3:49:51 PM,56,57,4
Friday, December 22, 2017 3:52:07 PM,56,57,4
Friday, December 22, 2017 3:55:01 PM,56,57,4
Friday, December 22, 2017 4:00:01 PM,56,57,4
Friday, December 22, 2017 4:03:53 PM,56,56,4
Friday, December 22, 2017 4:05:01 PM,56,56,4
Friday, December 22, 2017 4:10:01 PM,56,56,4
Friday, December 22, 2017 4:15:01 PM,56,56,4
Friday, December 22, 2017 4:20:01 PM,56,56,4
Friday, December 22, 2017 4:25:01 PM,56,56,4
Friday, December 22, 2017 4:30:01 PM,56,56,4
Friday, December 22, 2017 4:35:01 PM,56,56,4
Friday, December 22, 2017 4:40:01 PM,56,56,4
Friday, December 22, 2017 4:45:01 PM,56,56,4
Friday, December 22, 2017 4:50:01 PM,56,56,4
Friday, December 22, 2017 4:55:01 PM,56,56,4
Friday, December 22, 2017 5:00:00 PM,56,56,4
Friday, December 22, 2017 5:05:01 PM,56,56,4
Friday, December 22, 2017 5:10:01 PM,56,56,4
Friday, December 22, 2017 5:15:01 PM,56,56,4
Friday, December 22, 2017 5:20:01 PM,56,56,4
Friday, December 22, 2017 5:25:00 PM,56,56,4
Friday, December 22, 2017 5:30:01 PM,56,56,4
Friday, December 22, 2017 5:35:00 PM,56,56,4
Friday, December 22, 2017 5:40:01 PM,56,56,4
Friday, December 22, 2017 5:45:00 PM,56,56,4
Friday, December 22, 2017 5:50:01 PM,56,56,4
Friday, December 22, 2017 5:55:00 PM,56,56,4
Friday, December 22, 2017 6:00:01 PM,56,56,4
Friday, December 22, 2017 6:05:01 PM,56,56,4
Friday, December 22, 2017 6:10:01 PM,56,56,4
Friday, December 22, 2017 6:15:01 PM,56,56,4
Friday, December 22, 2017 6:20:01 PM,56,56,4
Friday, December 22, 2017 6:25:01 PM,56,56,4
Friday, December 22, 2017 6:30:02 PM,56,56,4
Friday, December 22, 2017 6:35:00 PM,56,56,4
Friday, December 22, 2017 6:40:01 PM,56,56,4
Friday, December 22, 2017 6:45:01 PM,56,56,4
Friday, December 22, 2017 6:50:01 PM,56,56,4
Friday, December 22, 2017 6:55:01 PM,56,56,4
Friday, December 22, 2017 7:00:01 PM,56,56,4
Friday, December 22, 2017 7:05:00 PM,56,56,4
Friday, December 22, 2017 7:10:01 PM,56,56,4
Friday, December 22, 2017 7:15:01 PM,56,56,4
Friday, December 22, 2017 7:20:01 PM,56,56,4
Friday, December 22, 2017 7:25:01 PM,56,56,4
Friday, December 22, 2017 7:30:01 PM,56,56,4
Friday, December 22, 2017 7:35:01 PM,56,56,4
Friday, December 22, 2017 7:40:01 PM,56,56,4
Friday, December 22, 2017 7:45:01 PM,56,56,4
Friday, December 22, 2017 7:50:00 PM,56,56,4
Friday, December 22, 2017 7:55:01 PM,56,56,4
Friday, December 22, 2017 8:00:01 PM,56,56,4
Friday, December 22, 2017 8:05:01 PM,56,56,4
Friday, December 22, 2017 8:10:01 PM,56,56,4
Friday, December 22, 2017 8:15:01 PM,56,56,4
Friday, December 22, 2017 8:20:01 PM,56,56,4
Friday, December 22, 2017 8:25:00 PM,56,56,4
Friday, December 22, 2017 8:30:00 PM,56,56,4
Friday, December 22, 2017 8:35:00 PM,56,56,4
Friday, December 22, 2017 8:40:01 PM,56,56,4
Friday, December 22, 2017 8:45:01 PM,56,56,4
Friday, December 22, 2017 8:50:01 PM,56,56,4
Friday, December 22, 2017 8:55:01 PM,56,56,4
Friday, December 22, 2017 9:00:01 PM,56,56,4
Friday, December 22, 2017 9:05:01 PM,56,56,4
Friday, December 22, 2017 9:10:01 PM,56,56,4
Friday, December 22, 2017 9:15:01 PM,56,56,4
Friday, December 22, 2017 9:20:01 PM,56,56,4
Friday, December 22, 2017 9:25:01 PM,56,56,4
Friday, December 22, 2017 9:30:00 PM,56,56,4
Friday, December 22, 2017 9:35:01 PM,56,56,4
Friday, December 22, 2017 9:40:01 PM,56,56,4
Friday, December 22, 2017 9:45:01 PM,56,56,4
Friday, December 22, 2017 9:50:01 PM,56,56,4
Friday, December 22, 2017 9:55:00 PM,56,56,4
Friday, December 22, 2017 10:00:01 PM,56,56,4
Friday, December 22, 2017 10:05:01 PM,56,56,4
Friday, December 22, 2017 10:10:00 PM,56,56,4
Friday, December 22, 2017 10:15:01 PM,56,56,4
Friday, December 22, 2017 10:20:00 PM,56,56,4
Friday, December 22, 2017 10:25:01 PM,56,56,4
Friday, December 22, 2017 10:30:01 PM,56,56,4
Friday, December 22, 2017 10:35:00 PM,56,56,4
Friday, December 22, 2017 10:40:00 PM,56,56,4
Friday, December 22, 2017 10:45:00 PM,56,56,4
Friday, December 22, 2017 10:50:01 PM,56,56,4
Friday, December 22, 2017 10:55:01 PM,56,56,4
Friday, December 22, 2017 11:00:00 PM,56,56,4
Friday, December 22, 2017 11:05:00 PM,56,56,4
Friday, December 22, 2017 11:10:00 PM,56,56,4
Friday, December 22, 2017 11:15:00 PM,56,56,4
Friday, December 22, 2017 11:20:00 PM,56,56,4
Friday, December 22, 2017 11:25:01 PM,56,56,4
Friday, December 22, 2017 11:30:01 PM,56,56,4
Friday, December 22, 2017 11:35:01 PM,56,56,4
Friday, December 22, 2017 11:40:01 PM,56,56,4
Friday, December 22, 2017 11:45:01 PM,56,56,4
Friday, December 22, 2017 11:50:01 PM,56,56,4
Friday, December 22, 2017 11:55:01 PM,56,56,4
Saturday, December 23, 2017 12:00:01 AM,56,56,4
Saturday, December 23, 2017 12:05:01 AM,56,56,4
Saturday, December 23, 2017 12:10:01 AM,56,56,4
Saturday, December 23, 2017 12:15:01 AM,56,56,4
Saturday, December 23, 2017 12:20:01 AM,56,56,4
Saturday, December 23, 2017 12:25:01 AM,56,56,4
Saturday, December 23, 2017 12:30:01 AM,56,56,4
Saturday, December 23, 2017 12:35:01 AM,56,56,4
Saturday, December 23, 2017 12:40:01 AM,56,56,4
Saturday, December 23, 2017 12:45:01 AM,56,56,4
Saturday, December 23, 2017 12:50:01 AM,56,56,4
Saturday, December 23, 2017 12:55:01 AM,56,56,4
Saturday, December 23, 2017 1:00:01 AM,56,56,4
Saturday, December 23, 2017 1:05:01 AM,56,56,4
Saturday, December 23, 2017 1:10:01 AM,56,56,4
Saturday, December 23, 2017 1:15:01 AM,56,56,4
Saturday, December 23, 2017 1:20:01 AM,56,56,4
Saturday, December 23, 2017 1:25:01 AM,56,56,4
Saturday, December 23, 2017 1:30:01 AM,56,56,4
Saturday, December 23, 2017 1:35:00 AM,56,56,4
Saturday, December 23, 2017 1:40:00 AM,56,56,4
Saturday, December 23, 2017 1:45:01 AM,56,56,4
Saturday, December 23, 2017 1:50:01 AM,56,56,4
Saturday, December 23, 2017 1:55:01 AM,56,56,4
Saturday, December 23, 2017 2:00:01 AM,56,56,4
Saturday, December 23, 2017 2:05:01 AM,56,56,4
Saturday, December 23, 2017 2:10:01 AM,56,56,4
Saturday, December 23, 2017 2:15:01 AM,56,56,4
Saturday, December 23, 2017 2:20:01 AM,56,56,4
Saturday, December 23, 2017 2:25:00 AM,56,56,4
Saturday, December 23, 2017 2:30:00 AM,56,56,4
Saturday, December 23, 2017 2:35:01 AM,56,56,4
Saturday, December 23, 2017 2:40:00 AM,56,56,4
Saturday, December 23, 2017 2:45:01 AM,56,56,4
Saturday, December 23, 2017 2:50:00 AM,56,56,4
Saturday, December 23, 2017 2:55:00 AM,56,56,4
Saturday, December 23, 2017 3:00:01 AM,56,56,4
Saturday, December 23, 2017 3:05:01 AM,56,56,4
Saturday, December 23, 2017 3:10:01 AM,56,56,4
Saturday, December 23, 2017 3:15:00 AM,56,56,4
Saturday, December 23, 2017 3:20:01 AM,56,56,4
Saturday, December 23, 2017 3:25:01 AM,56,56,4
Saturday, December 23, 2017 3:30:01 AM,56,56,4
Saturday, December 23, 2017 3:35:01 AM,56,56,4
Saturday, December 23, 2017 3:40:01 AM,56,56,4
Saturday, December 23, 2017 3:45:00 AM,56,56,4
Saturday, December 23, 2017 3:50:00 AM,56,56,4
Saturday, December 23, 2017 3:55:01 AM,56,56,4
Saturday, December 23, 2017 4:00:00 AM,56,56,4
Saturday, December 23, 2017 4:05:01 AM,56,56,4
Saturday, December 23, 2017 4:10:00 AM,56,56,4
Saturday, December 23, 2017 4:15:01 AM,56,56,4
Saturday, December 23, 2017 4:20:00 AM,56,56,4
Saturday, December 23, 2017 4:25:00 AM,56,56,4
Saturday, December 23, 2017 4:30:01 AM,56,56,4
Saturday, December 23, 2017 4:35:00 AM,56,56,4
Saturday, December 23, 2017 4:40:01 AM,56,56,4
Saturday, December 23, 2017 4:45:01 AM,56,56,4
Saturday, December 23, 2017 4:50:01 AM,56,56,4
Saturday, December 23, 2017 4:55:01 AM,56,56,4
Saturday, December 23, 2017 5:00:01 AM,56,56,4
Saturday, December 23, 2017 5:05:01 AM,56,56,4
Saturday, December 23, 2017 5:10:01 AM,56,56,4
Saturday, December 23, 2017 5:15:01 AM,56,56,4
Saturday, December 23, 2017 5:20:01 AM,56,56,4
Saturday, December 23, 2017 5:25:01 AM,56,56,4
Saturday, December 23, 2017 5:30:01 AM,56,56,4
Saturday, December 23, 2017 5:35:00 AM,56,56,4
Saturday, December 23, 2017 5:40:00 AM,56,56,4
Saturday, December 23, 2017 5:45:01 AM,56,56,4
Saturday, December 23, 2017 5:50:01 AM,56,56,4
Saturday, December 23, 2017 5:55:01 AM,56,56,4
Saturday, December 23, 2017 6:00:01 AM,56,56,4
Saturday, December 23, 2017 6:05:01 AM,56,56,4
Saturday, December 23, 2017 6:10:01 AM,56,56,4
Saturday, December 23, 2017 6:15:01 AM,56,56,4
Saturday, December 23, 2017 6:20:01 AM,56,56,4
Saturday, December 23, 2017 6:25:01 AM,56,56,4
Saturday, December 23, 2017 6:30:01 AM,56,56,4
Saturday, December 23, 2017 6:35:01 AM,56,56,4
Saturday, December 23, 2017 6:40:01 AM,56,56,4
Saturday, December 23, 2017 6:45:01 AM,56,56,4
Saturday, December 23, 2017 6:50:01 AM,56,56,4
Saturday, December 23, 2017 6:55:01 AM,56,56,4
Saturday, December 23, 2017 7:00:01 AM,56,56,4
Saturday, December 23, 2017 7:05:01 AM,56,56,4
Saturday, December 23, 2017 7:10:01 AM,56,56,4
Saturday, December 23, 2017 7:15:01 AM,56,56,4
Saturday, December 23, 2017 7:20:01 AM,56,56,4
Saturday, December 23, 2017 7:25:01 AM,56,56,4
Saturday, December 23, 2017 7:30:00 AM,56,56,4
Saturday, December 23, 2017 7:35:01 AM,56,56,4
Saturday, December 23, 2017 7:40:01 AM,56,56,4
Saturday, December 23, 2017 7:45:01 AM,56,56,4
Saturday, December 23, 2017 7:50:01 AM,56,56,4
Saturday, December 23, 2017 7:55:00 AM,56,56,4
Saturday, December 23, 2017 8:00:01 AM,56,56,4
Saturday, December 23, 2017 8:05:01 AM,56,56,4
Saturday, December 23, 2017 8:10:01 AM,56,56,4
Saturday, December 23, 2017 8:15:01 AM,56,56,4
Saturday, December 23, 2017 8:20:00 AM,56,56,4
Saturday, December 23, 2017 8:25:01 AM,56,56,4
Saturday, December 23, 2017 8:30:01 AM,56,56,4
Saturday, December 23, 2017 8:35:01 AM,56,56,4
Saturday, December 23, 2017 8:40:01 AM,56,56,4
Saturday, December 23, 2017 8:45:00 AM,56,56,4
Saturday, December 23, 2017 8:50:01 AM,56,56,4
Saturday, December 23, 2017 8:55:00 AM,56,56,4
Saturday, December 23, 2017 9:00:01 AM,56,56,4
Saturday, December 23, 2017 9:05:01 AM,56,56,4
Saturday, December 23, 2017 9:10:00 AM,56,56,4
Saturday, December 23, 2017 9:15:01 AM,56,56,4
Saturday, December 23, 2017 9:20:00 AM,56,56,4
Saturday, December 23, 2017 9:25:00 AM,56,56,4
Saturday, December 23, 2017 9:30:01 AM,56,56,4
Saturday, December 23, 2017 9:35:00 AM,56,56,4
Saturday, December 23, 2017 9:40:00 AM,56,56,4
Saturday, December 23, 2017 9:45:01 AM,56,56,4
Saturday, December 23, 2017 9:50:00 AM,56,56,4
Saturday, December 23, 2017 9:55:00 AM,56,56,4
Saturday, December 23, 2017 10:00:01 AM,56,56,4
Saturday, December 23, 2017 10:05:00 AM,56,56,4
Saturday, December 23, 2017 10:10:00 AM,56,56,4
Saturday, December 23, 2017 10:15:00 AM,56,56,4
Saturday, December 23, 2017 10:20:00 AM,56,56,4
Saturday, December 23, 2017 10:25:36 AM,56,56,4
Saturday, December 23, 2017 10:30:06 AM,56,56,4
Saturday, December 23, 2017 10:35:13 AM,56,56,4
